/media/santosh/a9b500b4-cf9f-411f-bd4e-724e2615e6b7/home/cvprlab/lavkush/aerial_motion_dataset/0_aerial_final_dataset/I_85_Set_to_ReOpen_Drone_Video_YouTube_Edited/in001836.jpg 115,443,131,466,0 168,397,183,413,0 2,461,21,481,0 217,392,229,413,0 252,363,267,381,0 253,387,271,411,0 296,350,310,364,0 299,369,315,387,0 334,331,348,350,0 77,431,96,450,0
/media/santosh/a9b500b4-cf9f-411f-bd4e-724e2615e6b7/home/cvprlab/lavkush/aerial_motion_dataset/0_aerial_final_dataset/I_85_Set_to_ReOpen_Drone_Video_YouTube_Edited/in001837.jpg 0,461,16,481,0 112,447,127,466,0 168,398,181,420,0 216,397,229,416,0 253,367,266,378,0 256,390,267,405,0 299,349,310,367,0 303,370,314,388,0 335,331,350,347,0 75,432,90,451,0
/media/santosh/a9b500b4-cf9f-411f-bd4e-724e2615e6b7/home/cvprlab/lavkush/aerial_motion_dataset/0_aerial_final_dataset/I_85_Set_to_ReOpen_Drone_Video_YouTube_Edited/in001838.jpg 114,448,133,463,0 166,400,181,413,0 219,391,235,410,0 254,366,271,380,0 257,394,272,413,0 295,346,310,364,0 3,461,18,481,0 300,370,317,382,0 336,334,348,349,0 75,431,92,448,0
/media/santosh/a9b500b4-cf9f-411f-bd4e-724e2615e6b7/home/cvprlab/lavkush/aerial_motion_dataset/0_aerial_final_dataset/I_85_Set_to_ReOpen_Drone_Video_YouTube_Edited/in001839.jpg 0,461,17,482,0 115,450,131,466,0 163,404,180,421,0 219,393,233,408,0 253,367,266,381,0 256,391,272,405,0 296,352,313,364,0 306,371,317,389,0 334,333,346,345,0 71,435,88,454,0
/media/santosh/a9b500b4-cf9f-411f-bd4e-724e2615e6b7/home/cvprlab/lavkush/aerial_motion_dataset/0_aerial_final_dataset/I_85_Set_to_ReOpen_Drone_Video_YouTube_Edited/in001840.jpg 0,464,17,486,0 117,447,138,466,0 165,398,181,420,0 220,390,239,412,0 250,370,267,385,0 260,393,273,405,0 296,347,314,367,0 306,370,323,384,0 334,335,348,346,0 70,432,92,455,0
/media/santosh/a9b500b4-cf9f-411f-bd4e-724e2615e6b7/home/cvprlab/lavkush/aerial_motion_dataset/0_aerial_final_dataset/I_85_Set_to_ReOpen_Drone_Video_YouTube_Edited/in001841.jpg 0,468,13,488,0 120,448,136,468,0 167,394,180,421,0 221,396,240,407,0 247,369,263,384,0 261,392,275,402,0 294,353,309,361,0 308,371,325,381,0 335,332,348,347,0 69,438,91,453,0
/media/santosh/a9b500b4-cf9f-411f-bd4e-724e2615e6b7/home/cvprlab/lavkush/aerial_motion_dataset/0_aerial_final_dataset/I_85_Set_to_ReOpen_Drone_Video_YouTube_Edited/in001842.jpg 0,465,22,483,0 121,448,138,472,0 160,395,180,418,0 222,390,243,410,0 245,374,265,385,0 261,390,280,407,0 293,354,310,368,0 311,368,323,380,0 333,336,346,350,0 68,438,92,450,0
/media/santosh/a9b500b4-cf9f-411f-bd4e-724e2615e6b7/home/cvprlab/lavkush/aerial_motion_dataset/0_aerial_final_dataset/I_85_Set_to_ReOpen_Drone_Video_YouTube_Edited/in001843.jpg 0,461,16,488,0 123,441,145,465,0 162,404,176,420,0 227,390,242,415,0 249,373,261,381,0 263,390,276,401,0 296,350,306,364,0 311,367,323,384,0 331,337,344,354,0 68,434,88,451,0
/media/santosh/a9b500b4-cf9f-411f-bd4e-724e2615e6b7/home/cvprlab/lavkush/aerial_motion_dataset/0_aerial_final_dataset/I_85_Set_to_ReOpen_Drone_Video_YouTube_Edited/in001844.jpg 127,443,145,466,0 157,400,176,417,0 2,461,14,479,0 228,393,243,414,0 248,368,260,385,0 266,386,279,404,0 291,347,304,367,0 310,366,323,380,0 329,338,344,352,0 66,439,87,451,0
/media/santosh/a9b500b4-cf9f-411f-bd4e-724e2615e6b7/home/cvprlab/lavkush/aerial_motion_dataset/0_aerial_final_dataset/I_85_Set_to_ReOpen_Drone_Video_YouTube_Edited/in001845.jpg 129,440,146,456,0 157,401,178,421,0 2,465,18,488,0 227,390,244,408,0 247,371,261,383,0 265,386,284,400,0 291,352,304,370,0 313,363,327,381,0 332,334,348,353,0 69,439,86,455,0
/media/santosh/a9b500b4-cf9f-411f-bd4e-724e2615e6b7/home/cvprlab/lavkush/aerial_motion_dataset/0_aerial_final_dataset/I_85_Set_to_ReOpen_Drone_Video_YouTube_Edited/in001846.jpg 0,469,13,488,0 129,442,150,461,0 157,406,174,423,0 232,391,247,414,0 244,371,261,385,0 271,385,285,402,0 287,354,304,368,0 313,364,329,380,0 330,336,345,347,0 63,442,87,455,0
/media/santosh/a9b500b4-cf9f-411f-bd4e-724e2615e6b7/home/cvprlab/lavkush/aerial_motion_dataset/0_aerial_final_dataset/I_85_Set_to_ReOpen_Drone_Video_YouTube_Edited/in001847.jpg 0,465,13,485,0 131,441,152,457,0 154,405,171,416,0 232,390,248,407,0 242,371,259,387,0 268,387,283,401,0 288,352,303,369,0 313,367,327,381,0 327,338,342,349,0 340,351,354,362,0 66,439,89,455,0
/media/santosh/a9b500b4-cf9f-411f-bd4e-724e2615e6b7/home/cvprlab/lavkush/aerial_motion_dataset/0_aerial_final_dataset/I_85_Set_to_ReOpen_Drone_Video_YouTube_Edited/in001848.jpg 0,465,12,487,0 127,442,152,462,0 153,404,170,424,0 231,390,248,408,0 242,371,257,387,0 268,380,285,398,0 288,352,304,369,0 310,361,329,382,0 330,334,345,350,0 61,439,88,461,0
/media/santosh/a9b500b4-cf9f-411f-bd4e-724e2615e6b7/home/cvprlab/lavkush/aerial_motion_dataset/0_aerial_final_dataset/I_85_Set_to_ReOpen_Drone_Video_YouTube_Edited/in001849.jpg 131,441,152,461,0 147,398,173,418,0 2,466,16,484,0 234,391,251,410,0 242,370,260,385,0 269,385,286,398,0 285,354,304,371,0 316,356,331,377,0 329,337,342,347,0 340,351,353,367,0 59,439,86,458,0
/media/santosh/a9b500b4-cf9f-411f-bd4e-724e2615e6b7/home/cvprlab/lavkush/aerial_motion_dataset/0_aerial_final_dataset/I_85_Set_to_ReOpen_Drone_Video_YouTube_Edited/in001850.jpg 0,471,12,491,0 137,440,158,458,0 150,401,170,428,0 232,391,246,412,0 240,374,256,387,0 266,380,287,402,0 287,351,300,379,0 329,332,342,353,0 342,344,353,368,0 56,445,88,458,0
/media/santosh/a9b500b4-cf9f-411f-bd4e-724e2615e6b7/home/cvprlab/lavkush/aerial_motion_dataset/0_aerial_final_dataset/I_85_Set_to_ReOpen_Drone_Video_YouTube_Edited/in001851.jpg 0,468,13,488,0 144,439,163,450,0 151,406,169,428,0 237,393,250,414,0 240,371,253,390,0 273,380,284,401,0 286,350,300,374,0 326,336,340,351,0 344,345,354,362,0 57,443,78,466,0
/media/santosh/a9b500b4-cf9f-411f-bd4e-724e2615e6b7/home/cvprlab/lavkush/aerial_motion_dataset/0_aerial_final_dataset/I_85_Set_to_ReOpen_Drone_Video_YouTube_Edited/in001852.jpg 140,438,167,457,0 146,404,170,424,0 235,389,256,406,0 238,371,255,389,0 274,389,293,401,0 285,354,303,371,0 326,335,341,347,0 344,344,357,369,0 60,440,81,460,0
/media/santosh/a9b500b4-cf9f-411f-bd4e-724e2615e6b7/home/cvprlab/lavkush/aerial_motion_dataset/0_aerial_final_dataset/I_85_Set_to_ReOpen_Drone_Video_YouTube_Edited/in001853.jpg 142,408,167,426,0 143,439,161,462,0 236,377,257,390,0 240,391,257,410,0 273,378,294,397,0 284,352,300,378,0 323,340,342,359,0 345,344,356,370,0 57,441,80,461,0
/media/santosh/a9b500b4-cf9f-411f-bd4e-724e2615e6b7/home/cvprlab/lavkush/aerial_motion_dataset/0_aerial_final_dataset/I_85_Set_to_ReOpen_Drone_Video_YouTube_Edited/in001854.jpg 144,437,166,463,0 148,406,166,428,0 240,371,254,389,0 240,389,255,412,0 273,380,291,405,0 285,354,299,375,0 323,334,340,358,0 346,344,360,366,0 55,440,78,464,0
/media/santosh/a9b500b4-cf9f-411f-bd4e-724e2615e6b7/home/cvprlab/lavkush/aerial_motion_dataset/0_aerial_final_dataset/I_85_Set_to_ReOpen_Drone_Video_YouTube_Edited/in001855.jpg 144,437,165,458,0 145,405,166,425,0 236,374,253,392,0 244,394,255,412,0 280,385,293,400,0 285,358,299,374,0 323,337,339,358,0 346,345,360,360,0 56,439,80,458,0
/media/santosh/a9b500b4-cf9f-411f-bd4e-724e2615e6b7/home/cvprlab/lavkush/aerial_motion_dataset/0_aerial_final_dataset/I_85_Set_to_ReOpen_Drone_Video_YouTube_Edited/in001856.jpg 145,407,164,427,0 145,438,170,457,0 237,375,252,392,0 246,390,260,407,0 281,382,296,401,0 282,358,299,374,0 323,339,336,358,0 347,344,359,368,0 52,443,80,461,0
/media/santosh/a9b500b4-cf9f-411f-bd4e-724e2615e6b7/home/cvprlab/lavkush/aerial_motion_dataset/0_aerial_final_dataset/I_85_Set_to_ReOpen_Drone_Video_YouTube_Edited/in001857.jpg 142,408,163,428,0 150,440,170,455,0 236,374,251,395,0 244,387,261,407,0 280,386,296,404,0 284,358,299,371,0 323,337,337,358,0 347,340,360,363,0 56,440,77,463,0
/media/santosh/a9b500b4-cf9f-411f-bd4e-724e2615e6b7/home/cvprlab/lavkush/aerial_motion_dataset/0_aerial_final_dataset/I_85_Set_to_ReOpen_Drone_Video_YouTube_Edited/in001858.jpg 141,407,159,428,0 150,435,174,452,0 235,374,251,394,0 250,385,264,404,0 280,355,295,371,0 285,380,299,397,0 322,343,337,358,0 347,340,360,363,0 50,442,77,462,0
/media/santosh/a9b500b4-cf9f-411f-bd4e-724e2615e6b7/home/cvprlab/lavkush/aerial_motion_dataset/0_aerial_final_dataset/I_85_Set_to_ReOpen_Drone_Video_YouTube_Edited/in001859.jpg 146,407,166,426,0 153,434,172,455,0 233,376,247,393,0 250,381,262,401,0 282,355,296,374,0 283,378,295,401,0 323,336,338,357,0 350,337,363,363,0 51,447,73,466,0
/media/santosh/a9b500b4-cf9f-411f-bd4e-724e2615e6b7/home/cvprlab/lavkush/aerial_motion_dataset/0_aerial_final_dataset/I_85_Set_to_ReOpen_Drone_Video_YouTube_Edited/in001860.jpg 145,407,160,424,0 157,432,176,451,0 232,374,249,393,0 254,381,267,401,0 280,354,297,372,0 284,377,302,398,0 323,336,338,351,0 349,338,366,361,0 52,440,74,464,0
/media/santosh/a9b500b4-cf9f-411f-bd4e-724e2615e6b7/home/cvprlab/lavkush/aerial_motion_dataset/0_aerial_final_dataset/I_85_Set_to_ReOpen_Drone_Video_YouTube_Edited/in001861.jpg 142,407,160,425,0 157,428,176,448,0 234,374,250,387,0 255,382,268,405,0 278,357,294,377,0 287,379,301,401,0 320,339,335,354,0 353,345,367,363,0 48,444,75,458,0
/media/santosh/a9b500b4-cf9f-411f-bd4e-724e2615e6b7/home/cvprlab/lavkush/aerial_motion_dataset/0_aerial_final_dataset/I_85_Set_to_ReOpen_Drone_Video_YouTube_Edited/in001862.jpg 140,407,159,431,0 159,431,180,450,0 230,378,246,394,0 253,382,270,401,0 280,359,295,378,0 285,380,304,397,0 318,339,335,356,0 351,343,367,363,0 50,445,73,463,0
/media/santosh/a9b500b4-cf9f-411f-bd4e-724e2615e6b7/home/cvprlab/lavkush/aerial_motion_dataset/0_aerial_final_dataset/I_85_Set_to_ReOpen_Drone_Video_YouTube_Edited/in001863.jpg 137,409,157,434,0 161,427,178,447,0 232,378,247,395,0 257,378,270,401,0 278,358,295,377,0 290,381,307,394,0 318,340,339,359,0 46,439,69,466,0
/media/santosh/a9b500b4-cf9f-411f-bd4e-724e2615e6b7/home/cvprlab/lavkush/aerial_motion_dataset/0_aerial_final_dataset/I_85_Set_to_ReOpen_Drone_Video_YouTube_Edited/in001864.jpg 137,405,158,429,0 167,428,181,447,0 229,378,247,396,0 257,380,271,397,0 276,358,291,375,0 291,381,305,394,0 320,340,337,358,0 353,340,368,363,0 46,445,67,466,0
/media/santosh/a9b500b4-cf9f-411f-bd4e-724e2615e6b7/home/cvprlab/lavkush/aerial_motion_dataset/0_aerial_final_dataset/I_85_Set_to_ReOpen_Drone_Video_YouTube_Edited/in001865.jpg 137,412,155,432,0 164,424,185,444,0 231,373,246,398,0 257,377,272,400,0 276,357,297,374,0 291,381,308,398,0 319,341,334,360,0 353,340,369,359,0 47,442,69,468,0
/media/santosh/a9b500b4-cf9f-411f-bd4e-724e2615e6b7/home/cvprlab/lavkush/aerial_motion_dataset/0_aerial_final_dataset/I_85_Set_to_ReOpen_Drone_Video_YouTube_Edited/in001866.jpg 136,413,153,430,0 166,425,186,445,0 230,377,245,394,0 276,351,291,377,0 291,377,303,398,0 321,333,334,356,0 336,351,346,371,0 46,443,74,465,0
/media/santosh/a9b500b4-cf9f-411f-bd4e-724e2615e6b7/home/cvprlab/lavkush/aerial_motion_dataset/0_aerial_final_dataset/I_85_Set_to_ReOpen_Drone_Video_YouTube_Edited/in001867.jpg 135,410,151,428,0 170,420,188,444,0 227,378,244,397,0 265,374,278,399,0 278,358,292,377,0 299,374,314,392,0 320,340,332,352,0 336,354,349,369,0 356,340,368,361,0 46,447,69,465,0
/media/santosh/a9b500b4-cf9f-411f-bd4e-724e2615e6b7/home/cvprlab/lavkush/aerial_motion_dataset/0_aerial_final_dataset/I_85_Set_to_ReOpen_Drone_Video_YouTube_Edited/in001868.jpg 133,412,150,430,0 170,422,189,446,0 227,378,244,397,0 260,374,276,394,0 277,353,289,376,0 292,372,313,400,0 320,342,335,351,0 336,352,349,371,0 357,337,370,359,0 42,442,67,465,0
/media/santosh/a9b500b4-cf9f-411f-bd4e-724e2615e6b7/home/cvprlab/lavkush/aerial_motion_dataset/0_aerial_final_dataset/I_85_Set_to_ReOpen_Drone_Video_YouTube_Edited/in001869.jpg 132,416,153,432,0 172,422,193,440,0 227,381,242,403,0 262,378,278,401,0 274,362,289,378,0 297,371,310,394,0 314,340,331,362,0 338,356,351,375,0 358,337,369,358,0 43,445,69,469,0
/media/santosh/a9b500b4-cf9f-411f-bd4e-724e2615e6b7/home/cvprlab/lavkush/aerial_motion_dataset/0_aerial_final_dataset/I_85_Set_to_ReOpen_Drone_Video_YouTube_Edited/in001870.jpg 131,409,152,431,0 175,421,193,441,0 226,374,242,397,0 266,375,280,394,0 273,359,290,378,0 299,370,318,390,0 315,341,332,360,0 341,351,357,371,0 359,337,372,356,0 44,441,65,466,0
/media/santosh/a9b500b4-cf9f-411f-bd4e-724e2615e6b7/home/cvprlab/lavkush/aerial_motion_dataset/0_aerial_final_dataset/I_85_Set_to_ReOpen_Drone_Video_YouTube_Edited/in001871.jpg 131,409,148,434,0 176,413,195,439,0 224,376,240,401,0 265,378,281,393,0 275,359,292,380,0 315,343,335,363,0 342,353,357,369,0 359,339,372,358,0 43,447,66,471,0
/media/santosh/a9b500b4-cf9f-411f-bd4e-724e2615e6b7/home/cvprlab/lavkush/aerial_motion_dataset/0_aerial_final_dataset/I_85_Set_to_ReOpen_Drone_Video_YouTube_Edited/in001872.jpg 131,414,148,431,0 176,422,195,440,0 224,383,238,401,0 265,375,283,394,0 273,358,290,377,0 300,369,317,390,0 317,343,331,362,0 340,352,359,371,0 362,334,372,354,0 38,450,68,471,0
/media/santosh/a9b500b4-cf9f-411f-bd4e-724e2615e6b7/home/cvprlab/lavkush/aerial_motion_dataset/0_aerial_final_dataset/I_85_Set_to_ReOpen_Drone_Video_YouTube_Edited/in001873.jpg 129,415,147,428,0 180,418,201,443,0 222,385,241,404,0 268,374,283,390,0 275,362,289,374,0 313,342,329,363,0 344,350,354,370,0 362,337,374,360,0 41,446,66,467,0
/media/santosh/a9b500b4-cf9f-411f-bd4e-724e2615e6b7/home/cvprlab/lavkush/aerial_motion_dataset/0_aerial_final_dataset/I_85_Set_to_ReOpen_Drone_Video_YouTube_Edited/in001874.jpg 125,414,151,437,0 185,417,201,436,0 219,380,240,401,0 272,360,287,375,0 272,377,284,394,0 300,367,323,387,0 315,343,331,356,0 344,348,357,370,0 361,337,372,356,0 40,447,67,465,0
/media/santosh/a9b500b4-cf9f-411f-bd4e-724e2615e6b7/home/cvprlab/lavkush/aerial_motion_dataset/0_aerial_final_dataset/I_85_Set_to_ReOpen_Drone_Video_YouTube_Edited/in001875.jpg 127,418,144,437,0 187,415,199,439,0 224,380,238,397,0 270,363,285,374,0 274,377,285,395,0 312,340,327,358,0 344,347,356,370,0 364,336,375,354,0 39,448,62,468,0
/media/santosh/a9b500b4-cf9f-411f-bd4e-724e2615e6b7/home/cvprlab/lavkush/aerial_motion_dataset/0_aerial_final_dataset/I_85_Set_to_ReOpen_Drone_Video_YouTube_Edited/in001876.jpg 127,412,148,437,0 181,418,201,439,0 220,378,235,397,0 272,356,291,374,0 272,374,287,393,0 316,339,329,360,0 342,349,355,373,0 36,449,64,471,0 362,333,377,352,0
/media/santosh/a9b500b4-cf9f-411f-bd4e-724e2615e6b7/home/cvprlab/lavkush/aerial_motion_dataset/0_aerial_final_dataset/I_85_Set_to_ReOpen_Drone_Video_YouTube_Edited/in001877.jpg 125,413,144,432,0 185,414,204,437,0 221,378,240,397,0 269,357,282,373,0 276,376,288,393,0 313,343,325,358,0 344,347,360,367,0 365,337,376,354,0 38,441,63,466,0
/media/santosh/a9b500b4-cf9f-411f-bd4e-724e2615e6b7/home/cvprlab/lavkush/aerial_motion_dataset/0_aerial_final_dataset/I_85_Set_to_ReOpen_Drone_Video_YouTube_Edited/in001878.jpg 125,409,143,434,0 189,417,209,434,0 218,381,235,401,0 269,359,286,370,0 276,374,291,393,0 312,340,329,357,0 34,451,61,470,0 342,348,361,372,0 365,335,376,355,0
/media/santosh/a9b500b4-cf9f-411f-bd4e-724e2615e6b7/home/cvprlab/lavkush/aerial_motion_dataset/0_aerial_final_dataset/I_85_Set_to_ReOpen_Drone_Video_YouTube_Edited/in001879.jpg 123,418,139,434,0 189,417,205,436,0 219,383,234,401,0 269,360,284,377,0 276,377,290,396,0 312,341,327,360,0 34,448,59,468,0 344,347,360,368,0 368,333,380,351,0
/media/santosh/a9b500b4-cf9f-411f-bd4e-724e2615e6b7/home/cvprlab/lavkush/aerial_motion_dataset/0_aerial_final_dataset/I_85_Set_to_ReOpen_Drone_Video_YouTube_Edited/in001880.jpg 122,415,142,436,0 193,413,209,432,0 218,378,236,401,0 266,362,284,372,0 281,379,292,389,0 30,448,57,467,0 311,343,326,358,0 346,347,361,367,0 367,334,378,353,0
/media/santosh/a9b500b4-cf9f-411f-bd4e-724e2615e6b7/home/cvprlab/lavkush/aerial_motion_dataset/0_aerial_final_dataset/I_85_Set_to_ReOpen_Drone_Video_YouTube_Edited/in001881.jpg 121,420,138,434,0 193,415,210,436,0 216,380,231,402,0 264,359,279,385,0 282,368,296,388,0 311,340,328,363,0 33,449,61,469,0 348,350,361,368,0 370,333,380,351,0
/media/santosh/a9b500b4-cf9f-411f-bd4e-724e2615e6b7/home/cvprlab/lavkush/aerial_motion_dataset/0_aerial_final_dataset/I_85_Set_to_ReOpen_Drone_Video_YouTube_Edited/in001882.jpg 121,415,142,434,0 191,413,211,432,0 216,380,230,399,0 267,363,279,380,0 283,368,297,390,0 307,341,326,360,0 33,449,56,467,0 347,349,362,367,0 368,331,381,351,0
/media/santosh/a9b500b4-cf9f-411f-bd4e-724e2615e6b7/home/cvprlab/lavkush/aerial_motion_dataset/0_aerial_final_dataset/I_85_Set_to_ReOpen_Drone_Video_YouTube_Edited/in001883.jpg 121,412,135,434,0 195,407,211,430,0 217,385,230,406,0 265,362,277,375,0 285,367,296,385,0 310,342,323,360,0 350,343,365,362,0 369,335,379,357,0 37,446,59,471,0
/media/santosh/a9b500b4-cf9f-411f-bd4e-724e2615e6b7/home/cvprlab/lavkush/aerial_motion_dataset/0_aerial_final_dataset/I_85_Set_to_ReOpen_Drone_Video_YouTube_Edited/in001884.jpg 120,418,139,440,0 199,411,216,434,0 217,385,232,401,0 266,362,279,385,0 287,366,298,388,0 30,449,59,469,0 308,338,323,361,0 353,347,365,374,0 371,332,381,352,0
/media/santosh/a9b500b4-cf9f-411f-bd4e-724e2615e6b7/home/cvprlab/lavkush/aerial_motion_dataset/0_aerial_final_dataset/I_85_Set_to_ReOpen_Drone_Video_YouTube_Edited/in001885.jpg 114,418,137,436,0 199,405,218,431,0 214,383,229,400,0 264,364,278,378,0 285,366,299,385,0 29,450,56,472,0 306,343,321,359,0 353,347,365,368,0 359,324,366,337,0 370,332,383,346,0
/media/santosh/a9b500b4-cf9f-411f-bd4e-724e2615e6b7/home/cvprlab/lavkush/aerial_motion_dataset/0_aerial_final_dataset/I_85_Set_to_ReOpen_Drone_Video_YouTube_Edited/in001886.jpg 114,417,133,434,0 204,408,219,428,0 213,380,228,401,0 263,363,277,378,0 291,368,308,380,0 308,342,321,358,0 32,445,56,467,0 355,342,369,360,0 361,327,373,337,0 376,333,388,347,0
/media/santosh/a9b500b4-cf9f-411f-bd4e-724e2615e6b7/home/cvprlab/lavkush/aerial_motion_dataset/0_aerial_final_dataset/I_85_Set_to_ReOpen_Drone_Video_YouTube_Edited/in001887.jpg 115,417,136,438,0 205,413,221,434,0 211,385,226,404,0 263,367,278,385,0 28,451,55,468,0 289,367,306,387,0 308,346,323,364,0 354,344,367,364,0 360,327,372,342,0 375,333,386,352,0
/media/santosh/a9b500b4-cf9f-411f-bd4e-724e2615e6b7/home/cvprlab/lavkush/aerial_motion_dataset/0_aerial_final_dataset/I_85_Set_to_ReOpen_Drone_Video_YouTube_Edited/in001888.jpg 114,420,133,440,0 205,407,225,430,0 213,386,230,404,0 263,364,278,384,0 28,452,53,475,0 289,364,303,388,0 308,345,323,363,0 322,362,333,381,0 354,344,366,366,0 359,327,370,343,0 376,332,388,353,0
/media/santosh/a9b500b4-cf9f-411f-bd4e-724e2615e6b7/home/cvprlab/lavkush/aerial_motion_dataset/0_aerial_final_dataset/I_85_Set_to_ReOpen_Drone_Video_YouTube_Edited/in001889.jpg 114,422,131,440,0 209,386,227,400,0 209,407,224,430,0 262,364,276,382,0 27,445,55,467,0 291,368,304,386,0 306,344,322,364,0 352,349,367,364,0 357,324,369,339,0 376,329,385,349,0
/media/santosh/a9b500b4-cf9f-411f-bd4e-724e2615e6b7/home/cvprlab/lavkush/aerial_motion_dataset/0_aerial_final_dataset/I_85_Set_to_ReOpen_Drone_Video_YouTube_Edited/in001890.jpg 114,421,129,439,0 207,412,224,428,0 212,386,226,404,0 260,366,274,385,0 29,447,51,472,0 294,361,306,387,0 308,343,321,360,0 353,344,374,363,0 356,324,369,342,0 377,331,392,351,0
/media/santosh/a9b500b4-cf9f-411f-bd4e-724e2615e6b7/home/cvprlab/lavkush/aerial_motion_dataset/0_aerial_final_dataset/I_85_Set_to_ReOpen_Drone_Video_YouTube_Edited/in001891.jpg 112,421,133,439,0 209,386,227,400,0 211,408,228,426,0 25,451,54,468,0 260,364,275,385,0 295,367,310,385,0 306,345,319,358,0 356,340,369,361,0 359,324,371,339,0 376,331,391,347,0
/media/santosh/a9b500b4-cf9f-411f-bd4e-724e2615e6b7/home/cvprlab/lavkush/aerial_motion_dataset/0_aerial_final_dataset/I_85_Set_to_ReOpen_Drone_Video_YouTube_Edited/in001892.jpg 110,425,130,440,0 209,385,224,398,0 210,413,227,428,0 23,454,49,473,0 258,365,271,387,0 293,364,310,384,0 303,345,320,363,0 354,345,377,368,0 356,327,369,343,0 376,333,389,356,0
/media/santosh/a9b500b4-cf9f-411f-bd4e-724e2615e6b7/home/cvprlab/lavkush/aerial_motion_dataset/0_aerial_final_dataset/I_85_Set_to_ReOpen_Drone_Video_YouTube_Edited/in001893.jpg 111,423,132,440,0 208,390,224,401,0 213,412,228,428,0 22,456,50,472,0 260,363,275,383,0 297,364,310,384,0 304,344,317,363,0 354,344,369,364,0 355,326,369,340,0 378,331,389,347,0
/media/santosh/a9b500b4-cf9f-411f-bd4e-724e2615e6b7/home/cvprlab/lavkush/aerial_motion_dataset/0_aerial_final_dataset/I_85_Set_to_ReOpen_Drone_Video_YouTube_Edited/in001894.jpg 110,419,131,439,0 205,381,223,403,0 214,408,230,428,0 23,452,54,475,0 259,369,276,386,0 298,363,310,381,0 304,343,319,359,0 357,327,369,343,0 378,331,390,351,0
/media/santosh/a9b500b4-cf9f-411f-bd4e-724e2615e6b7/home/cvprlab/lavkush/aerial_motion_dataset/0_aerial_final_dataset/I_85_Set_to_ReOpen_Drone_Video_YouTube_Edited/in001895.jpg 110,419,128,442,0 206,386,223,404,0 218,408,234,428,0 23,454,49,473,0 259,364,270,385,0 299,361,311,380,0 304,343,317,359,0 356,328,367,341,0 361,347,373,363,0 379,330,390,347,0
/media/santosh/a9b500b4-cf9f-411f-bd4e-724e2615e6b7/home/cvprlab/lavkush/aerial_motion_dataset/0_aerial_final_dataset/I_85_Set_to_ReOpen_Drone_Video_YouTube_Edited/in001896.jpg 106,428,123,445,0 206,387,222,405,0 21,452,48,475,0 219,407,234,425,0 258,367,272,385,0 301,365,318,385,0 304,344,316,363,0 356,330,366,343,0 381,331,393,351,0
/media/santosh/a9b500b4-cf9f-411f-bd4e-724e2615e6b7/home/cvprlab/lavkush/aerial_motion_dataset/0_aerial_final_dataset/I_85_Set_to_ReOpen_Drone_Video_YouTube_Edited/in001897.jpg 105,421,126,441,0 205,385,221,404,0 21,454,47,475,0 220,406,237,424,0 257,364,272,384,0 301,367,312,380,0 303,348,322,360,0 355,324,365,343,0 361,344,374,361,0 383,326,394,347,0
/media/santosh/a9b500b4-cf9f-411f-bd4e-724e2615e6b7/home/cvprlab/lavkush/aerial_motion_dataset/0_aerial_final_dataset/I_85_Set_to_ReOpen_Drone_Video_YouTube_Edited/in001898.jpg 205,385,218,406,0 222,406,239,421,0 257,364,270,384,0 28,431,38,467,0 301,345,315,362,0 301,367,314,384,0 354,323,367,344,0 365,346,380,363,0 99,428,119,441,0
/media/santosh/a9b500b4-cf9f-411f-bd4e-724e2615e6b7/home/cvprlab/lavkush/aerial_motion_dataset/0_aerial_final_dataset/I_85_Set_to_ReOpen_Drone_Video_YouTube_Edited/in001899.jpg 106,423,126,442,0 17,454,43,475,0 202,389,218,401,0 221,402,240,423,0 255,367,272,387,0 298,347,312,364,0 304,367,321,385,0 354,324,365,345,0 363,342,376,360,0 385,326,395,350,0
/media/santosh/a9b500b4-cf9f-411f-bd4e-724e2615e6b7/home/cvprlab/lavkush/aerial_motion_dataset/0_aerial_final_dataset/I_85_Set_to_ReOpen_Drone_Video_YouTube_Edited/in001900.jpg 104,422,123,445,0 17,457,43,476,0 201,385,218,402,0 222,405,239,425,0 255,363,273,389,0 299,346,314,364,0 304,364,320,382,0 355,329,365,343,0 368,347,380,366,0 385,325,395,344,0
/media/santosh/a9b500b4-cf9f-411f-bd4e-724e2615e6b7/home/cvprlab/lavkush/aerial_motion_dataset/0_aerial_final_dataset/I_85_Set_to_ReOpen_Drone_Video_YouTube_Edited/in001901.jpg 104,424,124,442,0 16,458,42,478,0 199,392,216,406,0 227,398,242,418,0 251,361,268,384,0 296,347,314,360,0 306,363,318,381,0 355,328,365,354,0 369,343,380,362,0
/media/santosh/a9b500b4-cf9f-411f-bd4e-724e2615e6b7/home/cvprlab/lavkush/aerial_motion_dataset/0_aerial_final_dataset/I_85_Set_to_ReOpen_Drone_Video_YouTube_Edited/in001902.jpg 102,419,123,447,0 19,456,38,476,0 197,384,212,405,0 228,404,243,420,0 254,368,269,389,0 302,344,311,363,0 310,363,319,378,0 354,326,363,346,0 369,337,378,354,0 384,326,397,342,0
/media/santosh/a9b500b4-cf9f-411f-bd4e-724e2615e6b7/home/cvprlab/lavkush/aerial_motion_dataset/0_aerial_final_dataset/I_85_Set_to_ReOpen_Drone_Video_YouTube_Edited/in001903.jpg 102,421,120,447,0 15,456,37,478,0 200,389,212,407,0 230,397,244,418,0 252,368,267,386,0 297,347,308,365,0 311,358,322,380,0 351,330,363,347,0 367,341,384,357,0
/media/santosh/a9b500b4-cf9f-411f-bd4e-724e2615e6b7/home/cvprlab/lavkush/aerial_motion_dataset/0_aerial_final_dataset/I_85_Set_to_ReOpen_Drone_Video_YouTube_Edited/in001904.jpg 15,459,38,474,0 197,390,212,404,0 230,400,245,421,0 253,368,266,386,0 295,347,308,365,0 313,359,324,380,0 351,331,362,350,0 370,336,382,355,0 97,425,118,441,0
/media/santosh/a9b500b4-cf9f-411f-bd4e-724e2615e6b7/home/cvprlab/lavkush/aerial_motion_dataset/0_aerial_final_dataset/I_85_Set_to_ReOpen_Drone_Video_YouTube_Edited/in001905.jpg 14,457,42,473,0 194,389,215,406,0 230,396,247,418,0 249,365,265,387,0 295,352,311,363,0 315,360,325,377,0 350,330,361,351,0 371,337,382,358,0 99,423,122,443,0
/media/santosh/a9b500b4-cf9f-411f-bd4e-724e2615e6b7/home/cvprlab/lavkush/aerial_motion_dataset/0_aerial_final_dataset/I_85_Set_to_ReOpen_Drone_Video_YouTube_Edited/in001906.jpg 13,458,40,477,0 199,395,214,411,0 234,395,251,418,0 251,369,265,387,0 296,348,310,368,0 315,357,325,377,0 348,329,361,349,0 371,337,385,356,0 96,424,117,444,0
/media/santosh/a9b500b4-cf9f-411f-bd4e-724e2615e6b7/home/cvprlab/lavkush/aerial_motion_dataset/0_aerial_final_dataset/I_85_Set_to_ReOpen_Drone_Video_YouTube_Edited/in001907.jpg 101,422,120,445,0 15,454,36,475,0 195,388,211,410,0 234,392,251,418,0 250,368,265,388,0 296,352,308,369,0 318,358,327,379,0 350,330,361,348,0 372,338,385,358,0 4,482,19,515,1
/media/santosh/a9b500b4-cf9f-411f-bd4e-724e2615e6b7/home/cvprlab/lavkush/aerial_motion_dataset/0_aerial_final_dataset/I_85_Set_to_ReOpen_Drone_Video_YouTube_Edited/in001908.jpg 12,458,38,475,0 193,390,212,407,0 237,396,252,416,0 247,368,262,386,0 293,352,308,370,0 3,478,26,513,1 316,354,331,377,0 348,331,361,344,0 372,339,385,356,0 96,428,115,448,0
/media/santosh/a9b500b4-cf9f-411f-bd4e-724e2615e6b7/home/cvprlab/lavkush/aerial_motion_dataset/0_aerial_final_dataset/I_85_Set_to_ReOpen_Drone_Video_YouTube_Edited/in001909.jpg 13,451,33,473,0 193,392,210,406,0 237,398,252,417,0 247,364,259,387,0 293,347,306,365,0 319,357,330,371,0 348,348,353,370,0 350,331,361,343,0 376,336,388,352,0 4,488,28,515,1 98,427,114,441,0
/media/santosh/a9b500b4-cf9f-411f-bd4e-724e2615e6b7/home/cvprlab/lavkush/aerial_motion_dataset/0_aerial_final_dataset/I_85_Set_to_ReOpen_Drone_Video_YouTube_Edited/in001910.jpg 11,461,35,479,0 193,390,210,407,0 240,395,256,414,0 249,368,262,386,0 293,351,308,363,0 321,354,334,369,0 343,351,358,371,0 348,330,360,344,0 376,336,389,357,0 4,488,31,513,1 96,428,113,453,0
/media/santosh/a9b500b4-cf9f-411f-bd4e-724e2615e6b7/home/cvprlab/lavkush/aerial_motion_dataset/0_aerial_final_dataset/I_85_Set_to_ReOpen_Drone_Video_YouTube_Edited/in001911.jpg 11,457,35,472,0 193,392,212,406,0 240,394,255,413,0 248,374,262,388,0 293,350,306,368,0 321,352,335,370,0 346,350,357,368,0 348,328,360,348,0 374,336,389,352,0 4,481,32,509,1 98,428,115,445,0
/media/santosh/a9b500b4-cf9f-411f-bd4e-724e2615e6b7/home/cvprlab/lavkush/aerial_motion_dataset/0_aerial_final_dataset/I_85_Set_to_ReOpen_Drone_Video_YouTube_Edited/in001912.jpg 13,455,36,474,0 193,393,209,410,0 242,395,255,411,0 247,371,261,394,0 292,348,307,370,0 322,354,334,374,0 342,352,356,371,0 348,331,361,349,0 376,336,388,356,0 4,493,34,512,1 95,425,114,450,0
/media/santosh/a9b500b4-cf9f-411f-bd4e-724e2615e6b7/home/cvprlab/lavkush/aerial_motion_dataset/0_aerial_final_dataset/I_85_Set_to_ReOpen_Drone_Video_YouTube_Edited/in001913.jpg 191,392,208,404,0 244,394,259,412,0 249,369,259,386,0 293,353,306,364,0 323,356,333,369,0 342,352,356,371,0 346,333,358,347,0 377,342,392,357,0 6,484,41,515,1 8,455,31,472,0 93,431,110,443,0
/media/santosh/a9b500b4-cf9f-411f-bd4e-724e2615e6b7/home/cvprlab/lavkush/aerial_motion_dataset/0_aerial_final_dataset/I_85_Set_to_ReOpen_Drone_Video_YouTube_Edited/in001914.jpg 10,459,33,476,0 189,395,208,414,0 245,371,260,389,0 245,398,260,415,0 292,354,305,374,0 323,353,335,369,0 345,330,359,347,0 348,354,360,371,0 376,339,393,360,0 5,483,43,515,1 96,427,114,450,0
/media/santosh/a9b500b4-cf9f-411f-bd4e-724e2615e6b7/home/cvprlab/lavkush/aerial_motion_dataset/0_aerial_final_dataset/I_85_Set_to_ReOpen_Drone_Video_YouTube_Edited/in001915.jpg 12,482,42,512,1 191,391,207,412,0 244,371,257,389,0 249,393,262,412,0 289,354,303,372,0 326,351,337,371,0 348,347,360,367,0 349,333,357,351,0 6,457,28,473,0 92,428,109,446,0
/media/santosh/a9b500b4-cf9f-411f-bd4e-724e2615e6b7/home/cvprlab/lavkush/aerial_motion_dataset/0_aerial_final_dataset/I_85_Set_to_ReOpen_Drone_Video_YouTube_Edited/in001916.jpg 13,481,45,519,1 189,394,205,413,0 245,367,263,387,0 247,394,263,419,0 291,355,304,374,0 325,347,336,370,0 348,331,359,350,0 349,349,361,367,0 8,453,31,470,0 93,428,116,447,0
/media/santosh/a9b500b4-cf9f-411f-bd4e-724e2615e6b7/home/cvprlab/lavkush/aerial_motion_dataset/0_aerial_final_dataset/I_85_Set_to_ReOpen_Drone_Video_YouTube_Edited/in001917.jpg 16,476,45,512,1 190,396,207,416,0 244,369,256,391,0 249,390,265,412,0 291,352,304,370,0 346,331,358,347,0 351,354,361,374,0 7,461,28,478,0 91,428,111,451,0
/media/santosh/a9b500b4-cf9f-411f-bd4e-724e2615e6b7/home/cvprlab/lavkush/aerial_motion_dataset/0_aerial_final_dataset/I_85_Set_to_ReOpen_Drone_Video_YouTube_Edited/in001918.jpg 187,394,208,415,0 21,478,46,507,1 241,370,261,393,0 255,396,267,415,0 290,351,303,371,0 344,331,355,351,0 350,352,361,370,0 389,311,399,333,0 8,458,25,478,0 90,428,110,455,0
/media/santosh/a9b500b4-cf9f-411f-bd4e-724e2615e6b7/home/cvprlab/lavkush/aerial_motion_dataset/0_aerial_final_dataset/I_85_Set_to_ReOpen_Drone_Video_YouTube_Edited/in001919.jpg 189,394,201,417,0 23,480,49,506,1 241,364,255,391,0 255,391,268,410,0 287,350,304,374,0 344,328,357,347,0 353,350,365,372,0 4,458,31,481,0 91,432,108,453,0
/media/santosh/a9b500b4-cf9f-411f-bd4e-724e2615e6b7/home/cvprlab/lavkush/aerial_motion_dataset/0_aerial_final_dataset/I_85_Set_to_ReOpen_Drone_Video_YouTube_Edited/in001920.jpg 1,462,28,478,0 185,397,201,416,0 240,375,255,392,0 255,392,272,412,0 27,475,53,501,1 288,352,302,371,0 342,331,353,347,0 353,347,363,367,0 88,428,108,447,0
/media/santosh/a9b500b4-cf9f-411f-bd4e-724e2615e6b7/home/cvprlab/lavkush/aerial_motion_dataset/0_aerial_final_dataset/I_85_Set_to_ReOpen_Drone_Video_YouTube_Edited/in001921.jpg 183,394,202,417,0 239,374,252,390,0 259,390,277,408,0 27,472,57,506,1 287,354,299,374,0 3,460,29,478,0 331,354,341,374,0 342,331,352,347,0 352,343,374,363,0 386,331,397,349,0 87,431,105,450,0
/media/santosh/a9b500b4-cf9f-411f-bd4e-724e2615e6b7/home/cvprlab/lavkush/aerial_motion_dataset/0_aerial_final_dataset/I_85_Set_to_ReOpen_Drone_Video_YouTube_Edited/in001922.jpg 187,394,201,416,0 2,457,23,482,0 238,371,255,394,0 258,390,273,411,0 286,351,299,373,0 32,478,57,507,1 330,352,344,371,0 343,336,355,350,0 357,350,368,366,0 389,331,399,352,0 391,313,402,331,0 89,432,106,456,0
/media/santosh/a9b500b4-cf9f-411f-bd4e-724e2615e6b7/home/cvprlab/lavkush/aerial_motion_dataset/0_aerial_final_dataset/I_85_Set_to_ReOpen_Drone_Video_YouTube_Edited/in001923.jpg 0,464,27,484,0 186,396,201,416,0 238,375,252,392,0 260,383,274,407,0 27,470,50,504,1 286,354,300,375,0 333,351,342,371,0 344,333,354,351,0 360,347,367,369,0 392,313,399,333,0 89,432,103,457,0
/media/santosh/a9b500b4-cf9f-411f-bd4e-724e2615e6b7/home/cvprlab/lavkush/aerial_motion_dataset/0_aerial_final_dataset/I_85_Set_to_ReOpen_Drone_Video_YouTube_Edited/in001924.jpg 181,398,199,417,0 238,370,249,397,0 263,388,277,413,0 285,352,299,374,0 34,465,57,506,1 344,330,354,351,0 360,350,367,372,0 4,461,22,480,0 85,430,103,451,0
/media/santosh/a9b500b4-cf9f-411f-bd4e-724e2615e6b7/home/cvprlab/lavkush/aerial_motion_dataset/0_aerial_final_dataset/I_85_Set_to_ReOpen_Drone_Video_YouTube_Edited/in001925.jpg 184,398,195,415,0 239,370,249,395,0 261,388,273,408,0 284,358,295,377,0 335,352,347,370,0 343,333,353,351,0 36,465,57,499,1 388,317,399,340,0 4,461,27,483,0 82,438,98,457,0
/media/santosh/a9b500b4-cf9f-411f-bd4e-724e2615e6b7/home/cvprlab/lavkush/aerial_motion_dataset/0_aerial_final_dataset/I_85_Set_to_ReOpen_Drone_Video_YouTube_Edited/in001926.jpg 178,404,193,423,0 237,374,251,398,0 267,383,278,407,0 283,354,297,375,0 336,356,346,374,0 342,333,354,352,0 389,314,399,333,0 4,462,25,486,0 40,464,66,499,1 82,432,101,457,0
/media/santosh/a9b500b4-cf9f-411f-bd4e-724e2615e6b7/home/cvprlab/lavkush/aerial_motion_dataset/0_aerial_final_dataset/I_85_Set_to_ReOpen_Drone_Video_YouTube_Edited/in001927.jpg 179,397,196,418,0 2,464,25,484,0 237,374,247,394,0 265,387,280,411,0 282,353,297,378,0 337,347,348,368,0 341,334,351,352,0 44,468,66,504,1 82,434,97,455,0
/media/santosh/a9b500b4-cf9f-411f-bd4e-724e2615e6b7/home/cvprlab/lavkush/aerial_motion_dataset/0_aerial_final_dataset/I_85_Set_to_ReOpen_Drone_Video_YouTube_Edited/in001928.jpg 180,394,197,417,0 2,461,23,481,0 235,375,249,398,0 264,381,279,405,0 282,351,295,375,0 335,351,347,371,0 341,332,352,350,0 44,464,68,499,1 84,430,103,455,0
/media/santosh/a9b500b4-cf9f-411f-bd4e-724e2615e6b7/home/cvprlab/lavkush/aerial_motion_dataset/0_aerial_final_dataset/I_85_Set_to_ReOpen_Drone_Video_YouTube_Edited/in001929.jpg 178,398,193,417,0 234,375,246,394,0 266,385,282,405,0 280,357,297,373,0 340,349,350,367,0 342,333,353,351,0 389,315,402,334,0 4,464,27,484,0 46,465,73,500,1 80,434,97,450,0
/media/santosh/a9b500b4-cf9f-411f-bd4e-724e2615e6b7/home/cvprlab/lavkush/aerial_motion_dataset/0_aerial_final_dataset/I_85_Set_to_ReOpen_Drone_Video_YouTube_Edited/in001930.jpg 1,467,20,483,0 176,397,191,416,0 233,380,247,397,0 267,386,282,401,0 280,357,294,378,0 342,334,352,353,0 363,348,373,368,0 388,317,399,336,0 48,458,76,497,1 78,434,96,456,0
/media/santosh/a9b500b4-cf9f-411f-bd4e-724e2615e6b7/home/cvprlab/lavkush/aerial_motion_dataset/0_aerial_final_dataset/I_85_Set_to_ReOpen_Drone_Video_YouTube_Edited/in001931.jpg 177,397,194,418,0 234,378,248,397,0 271,383,282,403,0 279,354,293,374,0 339,336,350,354,0 351,353,359,376,0 365,347,376,371,0 386,310,395,337,0 4,465,23,483,0 53,463,76,494,1 81,432,96,451,0
/media/santosh/a9b500b4-cf9f-411f-bd4e-724e2615e6b7/home/cvprlab/lavkush/aerial_motion_dataset/0_aerial_final_dataset/I_85_Set_to_ReOpen_Drone_Video_YouTube_Edited/in001932.jpg 176,398,189,417,0 2,463,19,481,0 231,377,246,398,0 270,385,284,401,0 276,357,290,376,0 340,331,351,350,0 343,352,354,364,0 385,317,397,334,0 49,465,77,488,1 77,434,93,451,0
/media/santosh/a9b500b4-cf9f-411f-bd4e-724e2615e6b7/home/cvprlab/lavkush/aerial_motion_dataset/0_aerial_final_dataset/I_85_Set_to_ReOpen_Drone_Video_YouTube_Edited/in001933.jpg 176,398,191,417,0 2,461,21,485,0 231,374,244,393,0 273,385,286,401,0 280,357,295,374,0 339,336,348,350,0 342,353,352,367,0 388,315,396,334,0 56,465,82,494,1 80,435,95,454,0
/media/santosh/a9b500b4-cf9f-411f-bd4e-724e2615e6b7/home/cvprlab/lavkush/aerial_motion_dataset/0_aerial_final_dataset/I_85_Set_to_ReOpen_Drone_Video_YouTube_Edited/in001934.jpg 1,461,19,488,0 178,398,191,417,0 232,374,242,395,0 271,383,286,401,0 278,356,291,375,0 341,334,351,353,0 344,347,354,363,0 365,343,377,363,0 384,320,394,338,0 60,461,83,485,1 77,434,95,455,0
/media/santosh/a9b500b4-cf9f-411f-bd4e-724e2615e6b7/home/cvprlab/lavkush/aerial_motion_dataset/0_aerial_final_dataset/I_85_Set_to_ReOpen_Drone_Video_YouTube_Edited/in001935.jpg 174,403,188,421,0 230,379,244,402,0 275,383,288,401,0 278,359,288,378,0 3,465,23,488,0 338,336,348,352,0 350,352,358,370,0 385,316,394,336,0 60,464,85,494,1 77,435,93,452,0
/media/santosh/a9b500b4-cf9f-411f-bd4e-724e2615e6b7/home/cvprlab/lavkush/aerial_motion_dataset/0_aerial_final_dataset/I_85_Set_to_ReOpen_Drone_Video_YouTube_Edited/in001936.jpg 1,464,18,482,0 170,399,186,418,0 228,385,241,402,0 276,382,291,399,0 277,357,290,373,0 337,336,347,354,0 351,341,359,360,0 385,318,395,340,0 63,455,90,489,1 77,437,91,452,0
/media/santosh/a9b500b4-cf9f-411f-bd4e-724e2615e6b7/home/cvprlab/lavkush/aerial_motion_dataset/0_aerial_final_dataset/I_85_Set_to_ReOpen_Drone_Video_YouTube_Edited/in001937.jpg 171,401,186,421,0 229,376,243,395,0 275,354,288,374,0 278,378,294,397,0 335,334,349,348,0 349,341,359,360,0 369,341,380,358,0 382,314,393,332,0 4,461,19,482,0 66,461,93,488,1 78,434,93,450,0
/media/santosh/a9b500b4-cf9f-411f-bd4e-724e2615e6b7/home/cvprlab/lavkush/aerial_motion_dataset/0_aerial_final_dataset/I_85_Set_to_ReOpen_Drone_Video_YouTube_Edited/in001938.jpg 1,465,17,483,0 169,398,188,418,0 229,378,243,396,0 274,355,289,377,0 281,380,296,399,0 335,332,348,350,0 350,342,361,358,0 383,318,395,337,0 65,461,93,488,1 75,436,90,455,0
/media/santosh/a9b500b4-cf9f-411f-bd4e-724e2615e6b7/home/cvprlab/lavkush/aerial_motion_dataset/0_aerial_final_dataset/I_85_Set_to_ReOpen_Drone_Video_YouTube_Edited/in001939.jpg 171,401,185,418,0 2,466,19,484,0 228,378,241,397,0 274,356,288,374,0 281,380,295,401,0 334,334,346,350,0 349,341,360,360,0 385,311,395,333,0 71,461,96,486,1 76,434,92,450,0
/media/santosh/a9b500b4-cf9f-411f-bd4e-724e2615e6b7/home/cvprlab/lavkush/aerial_motion_dataset/0_aerial_final_dataset/I_85_Set_to_ReOpen_Drone_Video_YouTube_Edited/in001940.jpg 169,398,184,418,0 2,461,18,482,0 227,378,240,397,0 274,360,287,374,0 282,382,295,401,0 336,334,346,349,0 351,342,361,362,0 370,347,383,365,0 384,318,395,342,0 70,457,87,488,1 76,434,93,455,0
/media/santosh/a9b500b4-cf9f-411f-bd4e-724e2615e6b7/home/cvprlab/lavkush/aerial_motion_dataset/0_aerial_final_dataset/I_85_Set_to_ReOpen_Drone_Video_YouTube_Edited/in001941.jpg 172,400,186,419,0 2,462,18,486,0 224,378,240,397,0 274,355,289,374,0 285,378,301,397,0 335,336,347,350,0 352,342,363,363,0 381,317,393,336,0 70,457,103,485,1 74,436,87,455,0
/media/santosh/a9b500b4-cf9f-411f-bd4e-724e2615e6b7/home/cvprlab/lavkush/aerial_motion_dataset/0_aerial_final_dataset/I_85_Set_to_ReOpen_Drone_Video_YouTube_Edited/in001942.jpg 0,465,16,483,0 169,406,186,424,0 223,379,240,401,0 272,360,287,377,0 285,378,299,401,0 334,333,344,357,0 354,337,367,358,0 374,338,385,361,0 380,317,395,340,0 68,436,89,453,0 73,458,99,484,1
/media/santosh/a9b500b4-cf9f-411f-bd4e-724e2615e6b7/home/cvprlab/lavkush/aerial_motion_dataset/0_aerial_final_dataset/I_85_Set_to_ReOpen_Drone_Video_YouTube_Edited/in001943.jpg 0,466,16,485,0 164,406,180,423,0 222,378,237,397,0 272,361,285,380,0 288,377,301,396,0 333,336,344,357,0 354,337,365,358,0 380,315,391,332,0 69,435,87,454,0 75,461,98,488,1
/media/santosh/a9b500b4-cf9f-411f-bd4e-724e2615e6b7/home/cvprlab/lavkush/aerial_motion_dataset/0_aerial_final_dataset/I_85_Set_to_ReOpen_Drone_Video_YouTube_Edited/in001944.jpg 167,405,183,425,0 2,465,14,485,0 223,383,238,403,0 267,361,284,378,0 289,378,303,396,0 332,336,343,363,0 357,334,369,359,0 377,336,387,356,0 380,319,392,336,0 69,435,88,454,0 83,454,102,481,1
/media/santosh/a9b500b4-cf9f-411f-bd4e-724e2615e6b7/home/cvprlab/lavkush/aerial_motion_dataset/0_aerial_final_dataset/I_85_Set_to_ReOpen_Drone_Video_YouTube_Edited/in001945.jpg 165,403,180,421,0 220,378,235,395,0 268,357,284,380,0 289,374,304,393,0 332,337,343,351,0 355,340,368,359,0 377,342,388,362,0 380,316,393,336,0 68,441,85,456,0 83,455,103,477,1
/media/santosh/a9b500b4-cf9f-411f-bd4e-724e2615e6b7/home/cvprlab/lavkush/aerial_motion_dataset/0_aerial_final_dataset/I_85_Set_to_ReOpen_Drone_Video_YouTube_Edited/in001946.jpg 165,404,179,424,0 222,381,236,400,0 268,360,282,380,0 291,374,306,395,0 331,332,342,353,0 357,337,368,358,0 377,341,387,358,0 379,316,390,333,0 68,437,87,458,0 87,455,106,478,1
/media/santosh/a9b500b4-cf9f-411f-bd4e-724e2615e6b7/home/cvprlab/lavkush/aerial_motion_dataset/0_aerial_final_dataset/I_85_Set_to_ReOpen_Drone_Video_YouTube_Edited/in001947.jpg 166,397,181,421,0 2,463,13,483,0 220,383,233,400,0 266,360,283,377,0 291,372,305,394,0 331,336,340,353,0 357,338,369,358,0 381,317,391,336,0 69,440,82,458,0 82,458,105,477,1
/media/santosh/a9b500b4-cf9f-411f-bd4e-724e2615e6b7/home/cvprlab/lavkush/aerial_motion_dataset/0_aerial_final_dataset/I_85_Set_to_ReOpen_Drone_Video_YouTube_Edited/in001948.jpg 161,404,180,423,0 218,381,233,401,0 265,359,280,380,0 294,368,306,390,0 333,336,341,355,0 358,335,371,355,0 379,337,390,356,0 380,320,391,339,0 67,437,85,454,0 91,450,108,476,1
/media/santosh/a9b500b4-cf9f-411f-bd4e-724e2615e6b7/home/cvprlab/lavkush/aerial_motion_dataset/0_aerial_final_dataset/I_85_Set_to_ReOpen_Drone_Video_YouTube_Edited/in001949.jpg 159,404,176,423,0 217,382,233,401,0 266,360,280,380,0 295,370,308,391,0 327,336,338,357,0 359,336,372,357,0 380,313,388,331,0 381,333,391,354,0 65,437,81,460,0 95,451,111,476,1
/media/santosh/a9b500b4-cf9f-411f-bd4e-724e2615e6b7/home/cvprlab/lavkush/aerial_motion_dataset/0_aerial_final_dataset/I_85_Set_to_ReOpen_Drone_Video_YouTube_Edited/in001950.jpg 163,406,180,428,0 216,381,234,397,0 267,359,280,378,0 294,371,309,395,0 329,343,340,359,0 360,336,371,357,0 379,315,390,334,0 383,335,391,357,0 67,434,83,458,0 93,450,121,471,1
/media/santosh/a9b500b4-cf9f-411f-bd4e-724e2615e6b7/home/cvprlab/lavkush/aerial_motion_dataset/0_aerial_final_dataset/I_85_Set_to_ReOpen_Drone_Video_YouTube_Edited/in001951.jpg 160,405,177,428,0 216,378,231,397,0 266,363,280,383,0 298,369,310,389,0 331,336,340,357,0 361,334,373,357,0 379,320,389,337,0 61,434,79,458,0 95,447,124,474,1
/media/santosh/a9b500b4-cf9f-411f-bd4e-724e2615e6b7/home/cvprlab/lavkush/aerial_motion_dataset/0_aerial_final_dataset/I_85_Set_to_ReOpen_Drone_Video_YouTube_Edited/in001952.jpg 159,401,175,421,0 216,387,234,401,0 263,364,278,379,0 297,371,312,389,0 327,341,340,360,0 365,336,377,363,0 379,317,390,335,0 63,439,78,462,0 96,442,125,472,1
/media/santosh/a9b500b4-cf9f-411f-bd4e-724e2615e6b7/home/cvprlab/lavkush/aerial_motion_dataset/0_aerial_final_dataset/I_85_Set_to_ReOpen_Drone_Video_YouTube_Edited/in001953.jpg 158,406,175,428,0 217,383,232,407,0 261,361,278,382,0 303,363,313,387,0 328,340,338,358,0 365,336,374,360,0 380,316,391,337,0 63,440,83,461,0 98,443,123,480,1
/media/santosh/a9b500b4-cf9f-411f-bd4e-724e2615e6b7/home/cvprlab/lavkush/aerial_motion_dataset/0_aerial_final_dataset/I_85_Set_to_ReOpen_Drone_Video_YouTube_Edited/in001954.jpg 102,445,125,474,1 160,409,177,428,0 216,374,229,405,0 262,363,277,383,0 296,367,318,391,0 327,339,341,363,0 363,337,376,363,0 379,310,386,342,0 63,437,80,463,0
/media/santosh/a9b500b4-cf9f-411f-bd4e-724e2615e6b7/home/cvprlab/lavkush/aerial_motion_dataset/0_aerial_final_dataset/I_85_Set_to_ReOpen_Drone_Video_YouTube_Edited/in001955.jpg 107,445,128,471,1 157,409,176,428,0 216,383,230,407,0 262,362,277,381,0 302,364,314,387,0 327,336,339,357,0 366,337,378,363,0 379,320,388,343,0 61,441,79,461,0
/media/santosh/a9b500b4-cf9f-411f-bd4e-724e2615e6b7/home/cvprlab/lavkush/aerial_motion_dataset/0_aerial_final_dataset/I_85_Set_to_ReOpen_Drone_Video_YouTube_Edited/in001956.jpg 109,445,134,475,1 153,404,174,424,0 215,385,230,398,0 266,363,278,385,0 299,369,310,394,0 325,337,338,359,0 367,336,375,358,0 378,321,388,336,0 60,437,79,463,0
/media/santosh/a9b500b4-cf9f-411f-bd4e-724e2615e6b7/home/cvprlab/lavkush/aerial_motion_dataset/0_aerial_final_dataset/I_85_Set_to_ReOpen_Drone_Video_YouTube_Edited/in001957.jpg 106,445,134,469,1 157,405,171,431,0 212,386,227,407,0 257,362,276,390,0 304,367,317,393,0 327,337,340,358,0 367,333,379,355,0 379,318,388,340,0 59,445,79,466,0
/media/santosh/a9b500b4-cf9f-411f-bd4e-724e2615e6b7/home/cvprlab/lavkush/aerial_motion_dataset/0_aerial_final_dataset/I_85_Set_to_ReOpen_Drone_Video_YouTube_Edited/in001958.jpg 112,444,136,465,1 155,405,170,431,0 214,383,228,407,0 261,363,276,390,0 304,370,326,392,0 323,337,337,362,0 369,334,380,353,0 379,320,388,343,0 58,442,75,461,0
/media/santosh/a9b500b4-cf9f-411f-bd4e-724e2615e6b7/home/cvprlab/lavkush/aerial_motion_dataset/0_aerial_final_dataset/I_85_Set_to_ReOpen_Drone_Video_YouTube_Edited/in001959.jpg 112,444,138,470,1 155,404,171,428,0 212,385,224,406,0 262,364,274,388,0 306,366,323,388,0 324,341,339,360,0 371,337,382,354,0 376,314,385,337,0 392,331,399,357,0 60,443,77,466,0
/media/santosh/a9b500b4-cf9f-411f-bd4e-724e2615e6b7/home/cvprlab/lavkush/aerial_motion_dataset/0_aerial_final_dataset/I_85_Set_to_ReOpen_Drone_Video_YouTube_Edited/in001960.jpg 118,439,138,465,1 152,407,171,428,0 209,383,226,407,0 260,366,275,385,0 304,368,318,385,0 325,340,336,362,0 369,337,380,354,0 376,322,387,336,0 57,444,75,468,0
/media/santosh/a9b500b4-cf9f-411f-bd4e-724e2615e6b7/home/cvprlab/lavkush/aerial_motion_dataset/0_aerial_final_dataset/I_85_Set_to_ReOpen_Drone_Video_YouTube_Edited/in001961.jpg 116,442,139,470,1 155,405,167,431,0 206,383,221,417,0 256,363,271,390,0 311,367,323,391,0 323,340,334,362,0 371,337,380,363,0 374,314,385,337,0 57,439,77,466,0
/media/santosh/a9b500b4-cf9f-411f-bd4e-724e2615e6b7/home/cvprlab/lavkush/aerial_motion_dataset/0_aerial_final_dataset/I_85_Set_to_ReOpen_Drone_Video_YouTube_Edited/in001962.jpg 121,439,138,470,1 148,405,164,431,0 207,381,228,401,0 260,360,275,390,0 309,368,325,394,0 319,340,336,359,0 371,333,383,357,0 374,314,385,338,0 57,438,76,470,0
/media/santosh/a9b500b4-cf9f-411f-bd4e-724e2615e6b7/home/cvprlab/lavkush/aerial_motion_dataset/0_aerial_final_dataset/I_85_Set_to_ReOpen_Drone_Video_YouTube_Edited/in001963.jpg 119,440,140,464,1 150,405,171,431,0 210,384,221,408,0 257,368,274,392,0 312,364,323,388,0 320,343,334,363,0 371,336,381,357,0 374,319,384,336,0 55,442,76,468,0
/media/santosh/a9b500b4-cf9f-411f-bd4e-724e2615e6b7/home/cvprlab/lavkush/aerial_motion_dataset/0_aerial_final_dataset/I_85_Set_to_ReOpen_Drone_Video_YouTube_Edited/in001964.jpg 123,435,142,463,1 152,403,171,428,0 206,385,222,411,0 256,363,271,391,0 310,363,323,390,0 321,343,333,360,0 371,313,384,336,0 374,334,387,352,0 55,443,74,466,0
/media/santosh/a9b500b4-cf9f-411f-bd4e-724e2615e6b7/home/cvprlab/lavkush/aerial_motion_dataset/0_aerial_final_dataset/I_85_Set_to_ReOpen_Drone_Video_YouTube_Edited/in001965.jpg 127,435,148,466,1 152,406,167,434,0 205,388,221,408,0 257,363,268,390,0 310,362,324,383,0 321,337,334,362,0 374,322,386,339,0 54,445,77,472,0
/media/santosh/a9b500b4-cf9f-411f-bd4e-724e2615e6b7/home/cvprlab/lavkush/aerial_motion_dataset/0_aerial_final_dataset/I_85_Set_to_ReOpen_Drone_Video_YouTube_Edited/in001966.jpg 130,435,147,463,1 146,401,167,428,0 206,386,222,406,0 253,364,268,384,0 315,363,329,384,0 320,343,331,358,0 370,317,383,331,0 378,335,388,355,0 53,442,73,462,0
/media/santosh/a9b500b4-cf9f-411f-bd4e-724e2615e6b7/home/cvprlab/lavkush/aerial_motion_dataset/0_aerial_final_dataset/I_85_Set_to_ReOpen_Drone_Video_YouTube_Edited/in001967.jpg 130,434,152,459,1 148,407,164,428,0 206,388,220,404,0 253,368,268,385,0 316,363,329,381,0 320,344,331,363,0 372,322,383,336,0 383,336,393,349,0 49,446,72,466,0
/media/santosh/a9b500b4-cf9f-411f-bd4e-724e2615e6b7/home/cvprlab/lavkush/aerial_motion_dataset/0_aerial_final_dataset/I_85_Set_to_ReOpen_Drone_Video_YouTube_Edited/in001968.jpg 133,428,148,464,1 146,412,165,428,0 205,389,222,404,0 254,367,269,385,0 317,363,332,383,0 318,341,330,360,0 372,320,382,341,0 379,331,389,350,0 51,444,73,464,0
/media/santosh/a9b500b4-cf9f-411f-bd4e-724e2615e6b7/home/cvprlab/lavkush/aerial_motion_dataset/0_aerial_final_dataset/I_85_Set_to_ReOpen_Drone_Video_YouTube_Edited/in001969.jpg 134,434,152,455,1 144,410,161,428,0 200,390,217,407,0 252,369,267,389,0 317,365,332,387,0 319,341,330,360,0 370,320,381,336,0 381,337,393,351,0 51,446,72,466,0
/media/santosh/a9b500b4-cf9f-411f-bd4e-724e2615e6b7/home/cvprlab/lavkush/aerial_motion_dataset/0_aerial_final_dataset/I_85_Set_to_ReOpen_Drone_Video_YouTube_Edited/in001970.jpg 140,431,155,462,1 145,410,160,428,0 202,388,218,407,0 251,366,265,385,0 317,340,330,357,0 319,366,333,380,0 368,323,381,335,0 381,334,392,349,0 46,447,69,469,0
/media/santosh/a9b500b4-cf9f-411f-bd4e-724e2615e6b7/home/cvprlab/lavkush/aerial_motion_dataset/0_aerial_final_dataset/I_85_Set_to_ReOpen_Drone_Video_YouTube_Edited/in001971.jpg 139,434,161,459,1 143,408,161,431,0 203,383,216,407,0 250,369,265,385,0 317,343,329,360,0 320,369,333,387,0 370,324,381,342,0 383,331,393,351,0 49,445,70,466,0
/media/santosh/a9b500b4-cf9f-411f-bd4e-724e2615e6b7/home/cvprlab/lavkush/aerial_motion_dataset/0_aerial_final_dataset/I_85_Set_to_ReOpen_Drone_Video_YouTube_Edited/in001972.jpg 142,413,157,430,0 142,424,161,457,1 201,387,215,405,0 250,368,263,388,0 315,346,329,357,0 323,364,335,384,0 369,322,379,341,0 384,331,393,353,0 48,449,69,469,0
/media/santosh/a9b500b4-cf9f-411f-bd4e-724e2615e6b7/home/cvprlab/lavkush/aerial_motion_dataset/0_aerial_final_dataset/I_85_Set_to_ReOpen_Drone_Video_YouTube_Edited/in001973.jpg 140,428,163,465,1 143,408,158,426,0 201,391,214,408,0 250,370,262,390,0 315,343,329,363,0 369,322,380,344,0 384,326,393,348,0 48,447,69,470,0
/media/santosh/a9b500b4-cf9f-411f-bd4e-724e2615e6b7/home/cvprlab/lavkush/aerial_motion_dataset/0_aerial_final_dataset/I_85_Set_to_ReOpen_Drone_Video_YouTube_Edited/in001974.jpg 139,413,159,432,0 146,432,163,459,1 201,386,214,412,0 246,370,262,391,0 316,343,326,358,0 326,363,338,384,0 369,324,379,341,0 381,330,395,347,0 46,444,67,465,0
/media/santosh/a9b500b4-cf9f-411f-bd4e-724e2615e6b7/home/cvprlab/lavkush/aerial_motion_dataset/0_aerial_final_dataset/I_85_Set_to_ReOpen_Drone_Video_YouTube_Edited/in001975.jpg 142,415,156,428,0 148,433,170,461,1 197,389,213,407,0 247,370,263,394,0 316,341,327,360,0 367,323,379,336,0 385,328,395,347,0 44,448,63,467,0
/media/santosh/a9b500b4-cf9f-411f-bd4e-724e2615e6b7/home/cvprlab/lavkush/aerial_motion_dataset/0_aerial_final_dataset/I_85_Set_to_ReOpen_Drone_Video_YouTube_Edited/in001976.jpg 140,415,154,431,0 151,428,173,455,1 197,389,212,406,0 248,367,261,390,0 315,344,325,360,0 367,322,379,341,0 386,331,396,350,0 48,447,65,468,0
/media/santosh/a9b500b4-cf9f-411f-bd4e-724e2615e6b7/home/cvprlab/lavkush/aerial_motion_dataset/0_aerial_final_dataset/I_85_Set_to_ReOpen_Drone_Video_YouTube_Edited/in001977.jpg 141,413,157,432,0 153,432,171,457,1 194,393,211,412,0 247,371,262,387,0 314,347,325,363,0 367,326,378,341,0 389,330,400,348,0 44,444,63,470,0
/media/santosh/a9b500b4-cf9f-411f-bd4e-724e2615e6b7/home/cvprlab/lavkush/aerial_motion_dataset/0_aerial_final_dataset/I_85_Set_to_ReOpen_Drone_Video_YouTube_Edited/in001978.jpg 140,417,153,434,0 156,423,177,448,1 195,390,210,409,0 245,369,260,389,0 313,344,324,364,0 364,328,375,345,0 391,330,400,348,0 46,447,63,474,0
/media/santosh/a9b500b4-cf9f-411f-bd4e-724e2615e6b7/home/cvprlab/lavkush/aerial_motion_dataset/0_aerial_final_dataset/I_85_Set_to_ReOpen_Drone_Video_YouTube_Edited/in001979.jpg 140,418,153,432,0 157,430,183,453,1 195,389,210,407,0 248,374,261,394,0 314,347,325,365,0 367,326,379,344,0 43,446,64,466,0
/media/santosh/a9b500b4-cf9f-411f-bd4e-724e2615e6b7/home/cvprlab/lavkush/aerial_motion_dataset/0_aerial_final_dataset/I_85_Set_to_ReOpen_Drone_Video_YouTube_Edited/in001980.jpg 136,417,152,434,0 159,428,180,447,1 195,389,210,412,0 242,370,258,390,0 313,349,328,364,0 367,324,380,343,0 43,450,65,468,0
/media/santosh/a9b500b4-cf9f-411f-bd4e-724e2615e6b7/home/cvprlab/lavkush/aerial_motion_dataset/0_aerial_final_dataset/I_85_Set_to_ReOpen_Drone_Video_YouTube_Edited/in001981.jpg 136,413,150,432,0 157,424,185,451,1 196,394,210,413,0 243,372,259,392,0 312,350,325,370,0 365,323,377,349,0 40,454,61,475,0
/media/santosh/a9b500b4-cf9f-411f-bd4e-724e2615e6b7/home/cvprlab/lavkush/aerial_motion_dataset/0_aerial_final_dataset/I_85_Set_to_ReOpen_Drone_Video_YouTube_Edited/in001982.jpg 0,497,39,529,0 134,417,152,434,0 157,426,178,448,1 193,395,208,418,0 242,370,256,393,0 311,346,323,364,0 368,325,376,343,0 392,328,403,343,0 42,451,60,468,0
/media/santosh/a9b500b4-cf9f-411f-bd4e-724e2615e6b7/home/cvprlab/lavkush/aerial_motion_dataset/0_aerial_final_dataset/I_85_Set_to_ReOpen_Drone_Video_YouTube_Edited/in001983.jpg 0,495,39,529,0 134,415,150,434,0 164,423,183,448,1 193,390,205,408,0 243,371,255,390,0 310,352,321,364,0 364,325,376,343,0 44,454,60,477,0
/media/santosh/a9b500b4-cf9f-411f-bd4e-724e2615e6b7/home/cvprlab/lavkush/aerial_motion_dataset/0_aerial_final_dataset/I_85_Set_to_ReOpen_Drone_Video_YouTube_Edited/in001984.jpg 0,490,39,528,0 134,419,149,442,0 167,423,183,451,1 190,395,208,418,0 242,374,254,395,0 309,347,324,367,0 364,324,375,345,0 44,450,59,469,0
/media/santosh/a9b500b4-cf9f-411f-bd4e-724e2615e6b7/home/cvprlab/lavkush/aerial_motion_dataset/0_aerial_final_dataset/I_85_Set_to_ReOpen_Drone_Video_YouTube_Edited/in001985.jpg 0,489,38,529,0 132,415,146,436,0 165,425,186,447,1 193,392,207,419,0 240,374,255,393,0 308,347,322,367,0 365,327,377,343,0 42,451,60,476,0
/media/santosh/a9b500b4-cf9f-411f-bd4e-724e2615e6b7/home/cvprlab/lavkush/aerial_motion_dataset/0_aerial_final_dataset/I_85_Set_to_ReOpen_Drone_Video_YouTube_Edited/in001986.jpg 0,491,45,526,0 132,421,150,441,0 166,423,186,446,1 189,390,204,413,0 240,374,254,396,0 310,349,323,367,0 368,321,376,347,0 44,454,59,473,0
/media/santosh/a9b500b4-cf9f-411f-bd4e-724e2615e6b7/home/cvprlab/lavkush/aerial_motion_dataset/0_aerial_final_dataset/I_85_Set_to_ReOpen_Drone_Video_YouTube_Edited/in001987.jpg 1,487,41,530,0 133,410,148,437,0 169,421,189,447,1 190,397,204,416,0 240,373,257,396,0 307,344,319,361,0 365,325,374,337,0 40,449,61,471,0
/media/santosh/a9b500b4-cf9f-411f-bd4e-724e2615e6b7/home/cvprlab/lavkush/aerial_motion_dataset/0_aerial_final_dataset/I_85_Set_to_ReOpen_Drone_Video_YouTube_Edited/in001988.jpg 0,488,47,530,0 129,418,146,440,0 171,424,186,444,1 191,390,205,415,0 238,377,253,395,0 308,351,323,371,0 36,451,57,472,0 361,326,373,344,0
/media/santosh/a9b500b4-cf9f-411f-bd4e-724e2615e6b7/home/cvprlab/lavkush/aerial_motion_dataset/0_aerial_final_dataset/I_85_Set_to_ReOpen_Drone_Video_YouTube_Edited/in001989.jpg 0,487,49,526,0 131,424,146,444,0 171,420,191,440,1 189,398,204,415,0 242,377,255,398,0 306,348,319,372,0 363,326,377,346,0 41,451,60,476,0
/media/santosh/a9b500b4-cf9f-411f-bd4e-724e2615e6b7/home/cvprlab/lavkush/aerial_motion_dataset/0_aerial_final_dataset/I_85_Set_to_ReOpen_Drone_Video_YouTube_Edited/in001990.jpg 0,488,60,531,0 131,418,148,443,0 178,420,193,440,1 189,397,204,416,0 238,378,251,397,0 304,347,318,371,0 363,327,382,357,0 39,454,58,476,0
/media/santosh/a9b500b4-cf9f-411f-bd4e-724e2615e6b7/home/cvprlab/lavkush/aerial_motion_dataset/0_aerial_final_dataset/I_85_Set_to_ReOpen_Drone_Video_YouTube_Edited/in001991.jpg 0,485,54,529,0 133,424,146,448,0 174,418,195,431,1 187,391,201,412,0 234,375,252,398,0 306,351,318,371,0 346,353,357,376,0 361,330,373,347,0 42,451,61,472,0
/media/santosh/a9b500b4-cf9f-411f-bd4e-724e2615e6b7/home/cvprlab/lavkush/aerial_motion_dataset/0_aerial_final_dataset/I_85_Set_to_ReOpen_Drone_Video_YouTube_Edited/in001992.jpg 0,482,55,531,0 131,420,148,444,0 176,418,204,446,1 189,394,200,419,0 236,374,251,394,0 304,352,318,371,0 346,354,357,377,0 361,326,373,348,0 38,453,57,472,0
/media/santosh/a9b500b4-cf9f-411f-bd4e-724e2615e6b7/home/cvprlab/lavkush/aerial_motion_dataset/0_aerial_final_dataset/I_85_Set_to_ReOpen_Drone_Video_YouTube_Edited/in001993.jpg 128,420,144,440,0 179,421,201,444,1 187,394,201,412,0 2,482,57,532,0 238,374,250,401,0 304,351,317,374,0 344,354,360,374,0 361,328,372,347,0 38,456,59,482,0
/media/santosh/a9b500b4-cf9f-411f-bd4e-724e2615e6b7/home/cvprlab/lavkush/aerial_motion_dataset/0_aerial_final_dataset/I_85_Set_to_ReOpen_Drone_Video_YouTube_Edited/in001994.jpg 0,483,64,532,0 125,423,144,442,0 180,418,203,445,1 185,398,202,415,0 236,374,249,395,0 304,352,317,370,0 33,450,55,475,0 360,326,371,342,0
/media/santosh/a9b500b4-cf9f-411f-bd4e-724e2615e6b7/home/cvprlab/lavkush/aerial_motion_dataset/0_aerial_final_dataset/I_85_Set_to_ReOpen_Drone_Video_YouTube_Edited/in001995.jpg 0,481,70,530,0 126,423,144,444,0 183,418,200,439,1 186,398,199,419,0 231,381,248,401,0 301,348,315,368,0 346,347,359,370,0 35,450,55,477,0 359,327,371,347,0
/media/santosh/a9b500b4-cf9f-411f-bd4e-724e2615e6b7/home/cvprlab/lavkush/aerial_motion_dataset/0_aerial_final_dataset/I_85_Set_to_ReOpen_Drone_Video_YouTube_Edited/in001996.jpg 0,478,63,531,0 123,418,141,445,0 180,414,200,445,1 184,397,201,412,0 235,381,247,401,0 302,354,315,370,0 35,455,58,477,0 350,349,361,369,0 360,331,370,349,0
/media/santosh/a9b500b4-cf9f-411f-bd4e-724e2615e6b7/home/cvprlab/lavkush/aerial_motion_dataset/0_aerial_final_dataset/I_85_Set_to_ReOpen_Drone_Video_YouTube_Edited/in001997.jpg 0,476,66,527,0 121,418,142,441,0 183,401,200,415,0 188,418,202,441,1 235,377,246,401,0 303,352,315,370,0 349,352,361,373,0 36,457,53,482,0 360,331,369,343,0
/media/santosh/a9b500b4-cf9f-411f-bd4e-724e2615e6b7/home/cvprlab/lavkush/aerial_motion_dataset/0_aerial_final_dataset/I_85_Set_to_ReOpen_Drone_Video_YouTube_Edited/in001998.jpg 125,421,142,445,0 180,399,197,414,0 184,416,209,445,1 2,477,66,525,0 230,378,248,397,0 301,354,317,372,0 351,352,363,371,0 36,451,53,474,0 360,331,369,344,0
/media/santosh/a9b500b4-cf9f-411f-bd4e-724e2615e6b7/home/cvprlab/lavkush/aerial_motion_dataset/0_aerial_final_dataset/I_85_Set_to_ReOpen_Drone_Video_YouTube_Edited/in001999.jpg 124,423,139,444,0 180,397,195,416,0 191,415,207,444,1 231,378,247,397,0 300,352,313,371,0 33,451,56,477,0 354,351,365,371,0 359,327,370,349,0 4,477,70,521,0
/media/santosh/a9b500b4-cf9f-411f-bd4e-724e2615e6b7/home/cvprlab/lavkush/aerial_motion_dataset/0_aerial_final_dataset/I_85_Set_to_ReOpen_Drone_Video_YouTube_Edited/in002000.jpg 122,425,139,447,0 180,398,197,418,0 190,416,211,445,1 228,377,242,398,0 300,352,313,370,0 33,454,53,477,0 357,329,370,347,0 7,477,73,521,0
/media/santosh/a9b500b4-cf9f-411f-bd4e-724e2615e6b7/home/cvprlab/lavkush/aerial_motion_dataset/0_aerial_final_dataset/I_85_Set_to_ReOpen_Drone_Video_YouTube_Edited/in002001.jpg 119,423,140,448,0 13,477,76,525,0 178,400,195,421,0 196,412,213,437,1 228,380,244,407,0 297,352,312,371,0 32,456,55,479,0 356,351,367,371,0 360,332,369,347,0
/media/santosh/a9b500b4-cf9f-411f-bd4e-724e2615e6b7/home/cvprlab/lavkush/aerial_motion_dataset/0_aerial_final_dataset/I_85_Set_to_ReOpen_Drone_Video_YouTube_Edited/in002002.jpg 12,477,76,519,0 120,428,136,448,0 178,401,193,418,0 197,412,214,437,1 228,378,247,405,0 297,352,309,374,0 34,452,52,481,0 355,352,369,370,0 358,329,370,347,0
/media/santosh/a9b500b4-cf9f-411f-bd4e-724e2615e6b7/home/cvprlab/lavkush/aerial_motion_dataset/0_aerial_final_dataset/I_85_Set_to_ReOpen_Drone_Video_YouTube_Edited/in002003.jpg 119,424,137,448,0 15,472,79,521,0 176,401,193,418,0 199,413,217,434,1 227,381,243,401,0 299,353,312,376,0 34,451,51,477,0 352,347,369,365,0 359,330,371,348,0
/media/santosh/a9b500b4-cf9f-411f-bd4e-724e2615e6b7/home/cvprlab/lavkush/aerial_motion_dataset/0_aerial_final_dataset/I_85_Set_to_ReOpen_Drone_Video_YouTube_Edited/in002004.jpg 118,424,137,450,0 174,400,191,419,0 19,472,82,523,0 197,411,220,436,1 227,381,242,400,0 297,353,312,370,0 34,452,52,475,0 355,331,369,345,0 358,353,369,370,0 392,315,407,332,0
/media/santosh/a9b500b4-cf9f-411f-bd4e-724e2615e6b7/home/cvprlab/lavkush/aerial_motion_dataset/0_aerial_final_dataset/I_85_Set_to_ReOpen_Drone_Video_YouTube_Edited/in002005.jpg 120,423,138,444,0 174,403,191,418,0 197,409,222,436,1 21,472,86,521,0 226,382,241,401,0 29,456,53,476,0 295,352,309,374,0 354,331,367,355,0 395,313,402,336,0
/media/santosh/a9b500b4-cf9f-411f-bd4e-724e2615e6b7/home/cvprlab/lavkush/aerial_motion_dataset/0_aerial_final_dataset/I_85_Set_to_ReOpen_Drone_Video_YouTube_Edited/in002006.jpg 118,424,137,442,0 175,404,190,421,0 183,404,199,412,0 196,410,197,411,1 196,410,221,434,1 22,471,91,514,0 225,385,240,400,0 28,454,49,477,0 297,351,309,374,0 356,333,367,347,0 361,351,371,371,0
/media/santosh/a9b500b4-cf9f-411f-bd4e-724e2615e6b7/home/cvprlab/lavkush/aerial_motion_dataset/0_aerial_final_dataset/I_85_Set_to_ReOpen_Drone_Video_YouTube_Edited/in002007.jpg 118,425,137,443,0 176,404,190,421,0 201,405,217,436,1 226,380,240,401,0 26,471,86,514,0 297,354,310,375,0 31,458,53,480,0 353,333,365,351,0 361,348,378,374,0
/media/santosh/a9b500b4-cf9f-411f-bd4e-724e2615e6b7/home/cvprlab/lavkush/aerial_motion_dataset/0_aerial_final_dataset/I_85_Set_to_ReOpen_Drone_Video_YouTube_Edited/in002008.jpg 116,425,136,448,0 174,401,190,419,0 206,407,224,436,1 225,381,241,400,0 29,454,50,481,0 29,471,90,515,0 295,358,306,372,0 355,333,366,351,0
/media/santosh/a9b500b4-cf9f-411f-bd4e-724e2615e6b7/home/cvprlab/lavkush/aerial_motion_dataset/0_aerial_final_dataset/I_85_Set_to_ReOpen_Drone_Video_YouTube_Edited/in002009.jpg 115,428,134,451,0 170,407,187,421,0 207,412,227,432,1 224,382,238,401,0 28,457,49,481,0 28,470,94,518,0 295,357,306,377,0 353,331,364,351,0
/media/santosh/a9b500b4-cf9f-411f-bd4e-724e2615e6b7/home/cvprlab/lavkush/aerial_motion_dataset/0_aerial_final_dataset/I_85_Set_to_ReOpen_Drone_Video_YouTube_Edited/in002010.jpg 112,425,133,446,0 170,403,187,425,0 204,407,228,434,1 224,382,237,401,0 27,461,46,480,0 294,356,305,374,0 33,466,97,509,0 352,334,365,350,0 391,313,400,333,0
/media/santosh/a9b500b4-cf9f-411f-bd4e-724e2615e6b7/home/cvprlab/lavkush/aerial_motion_dataset/0_aerial_final_dataset/I_85_Set_to_ReOpen_Drone_Video_YouTube_Edited/in002011.jpg 115,428,131,448,0 172,405,184,428,0 211,407,228,432,1 221,379,237,402,0 27,455,48,482,0 293,355,306,374,0 35,466,99,511,0 351,334,362,353,0
/media/santosh/a9b500b4-cf9f-411f-bd4e-724e2615e6b7/home/cvprlab/lavkush/aerial_motion_dataset/0_aerial_final_dataset/I_85_Set_to_ReOpen_Drone_Video_YouTube_Edited/in002012.jpg 117,431,131,450,0 169,405,183,428,0 210,405,235,431,1 223,378,237,401,0 27,461,44,480,0 292,358,305,378,0 351,333,361,351,0 41,466,101,505,0
/media/santosh/a9b500b4-cf9f-411f-bd4e-724e2615e6b7/home/cvprlab/lavkush/aerial_motion_dataset/0_aerial_final_dataset/I_85_Set_to_ReOpen_Drone_Video_YouTube_Edited/in002013.jpg 115,426,133,448,0 170,407,185,424,0 21,457,44,485,0 214,410,231,429,1 221,382,236,401,0 292,359,304,374,0 353,336,365,352,0 39,467,104,513,0
/media/santosh/a9b500b4-cf9f-411f-bd4e-724e2615e6b7/home/cvprlab/lavkush/aerial_motion_dataset/0_aerial_final_dataset/I_85_Set_to_ReOpen_Drone_Video_YouTube_Edited/in002014.jpg 115,425,129,446,0 169,405,184,422,0 214,408,233,431,1 222,382,236,401,0 28,459,46,482,0 293,355,303,374,0 351,332,362,350,0 42,461,103,506,0
/media/santosh/a9b500b4-cf9f-411f-bd4e-724e2615e6b7/home/cvprlab/lavkush/aerial_motion_dataset/0_aerial_final_dataset/I_85_Set_to_ReOpen_Drone_Video_YouTube_Edited/in002015.jpg 114,428,133,450,0 166,405,185,429,0 216,384,233,399,0 216,409,235,431,1 26,460,45,484,0 288,357,301,377,0 350,334,363,353,0 371,341,382,366,0 389,314,400,336,0 47,463,109,504,0
/media/santosh/a9b500b4-cf9f-411f-bd4e-724e2615e6b7/home/cvprlab/lavkush/aerial_motion_dataset/0_aerial_final_dataset/I_85_Set_to_ReOpen_Drone_Video_YouTube_Edited/in002016.jpg 110,429,127,448,0 167,407,182,427,0 216,401,237,428,1 218,380,231,402,0 24,457,46,485,0 289,359,303,378,0 350,331,360,350,0 372,343,382,363,0 389,316,400,336,0 48,459,109,506,0
/media/santosh/a9b500b4-cf9f-411f-bd4e-724e2615e6b7/home/cvprlab/lavkush/aerial_motion_dataset/0_aerial_final_dataset/I_85_Set_to_ReOpen_Drone_Video_YouTube_Edited/in002017.jpg 110,430,127,453,0 163,405,184,423,0 20,457,43,485,0 216,384,231,401,0 221,407,240,427,1 287,359,301,378,0 350,334,361,354,0 373,343,384,362,0 389,317,400,336,0 51,460,112,505,0
/media/santosh/a9b500b4-cf9f-411f-bd4e-724e2615e6b7/home/cvprlab/lavkush/aerial_motion_dataset/0_aerial_final_dataset/I_85_Set_to_ReOpen_Drone_Video_YouTube_Edited/in002018.jpg 109,428,127,451,0 166,407,180,428,0 20,463,35,481,0 212,388,229,401,0 219,406,238,434,1 286,360,301,377,0 346,337,361,350,0 373,345,387,360,0 389,322,398,336,0 55,459,114,506,0
/media/santosh/a9b500b4-cf9f-411f-bd4e-724e2615e6b7/home/cvprlab/lavkush/aerial_motion_dataset/0_aerial_final_dataset/I_85_Set_to_ReOpen_Drone_Video_YouTube_Edited/in002019.jpg 111,431,128,449,0 164,412,180,428,0 20,461,44,483,0 214,386,230,401,0 225,404,238,423,1 287,358,299,377,0 348,336,359,352,0 375,346,384,361,0 389,319,399,336,0 54,461,113,508,0
/media/santosh/a9b500b4-cf9f-411f-bd4e-724e2615e6b7/home/cvprlab/lavkush/aerial_motion_dataset/0_aerial_final_dataset/I_85_Set_to_ReOpen_Drone_Video_YouTube_Edited/in002020.jpg 107,430,127,447,0 165,408,180,428,0 215,389,230,406,0 222,405,240,427,1 23,463,39,487,0 284,363,299,378,0 347,332,360,357,0 373,341,385,358,0 386,321,397,338,0 56,456,115,501,0
/media/santosh/a9b500b4-cf9f-411f-bd4e-724e2615e6b7/home/cvprlab/lavkush/aerial_motion_dataset/0_aerial_final_dataset/I_85_Set_to_ReOpen_Drone_Video_YouTube_Edited/in002021.jpg 109,433,126,455,0 163,407,180,428,0 20,458,47,488,0 213,387,230,405,0 227,405,244,431,1 286,359,299,378,0 347,334,359,353,0 374,347,389,366,0 389,320,397,334,0 60,460,121,498,0
/media/santosh/a9b500b4-cf9f-411f-bd4e-724e2615e6b7/home/cvprlab/lavkush/aerial_motion_dataset/0_aerial_final_dataset/I_85_Set_to_ReOpen_Drone_Video_YouTube_Edited/in002022.jpg 108,431,125,450,0 159,410,174,429,0 213,387,230,405,0 229,398,245,423,1 25,461,46,484,0 285,363,297,381,0 346,337,358,354,0 377,341,387,360,0 388,316,396,337,0 64,456,119,502,0
/media/santosh/a9b500b4-cf9f-411f-bd4e-724e2615e6b7/home/cvprlab/lavkush/aerial_motion_dataset/0_aerial_final_dataset/I_85_Set_to_ReOpen_Drone_Video_YouTube_Edited/in002023.jpg 108,432,125,447,0 163,408,177,435,0 209,388,227,404,0 21,462,40,486,0 227,401,245,428,1 282,357,297,378,0 344,338,357,358,0 379,345,393,358,0 386,319,397,336,0 65,454,125,504,0
/media/santosh/a9b500b4-cf9f-411f-bd4e-724e2615e6b7/home/cvprlab/lavkush/aerial_motion_dataset/0_aerial_final_dataset/I_85_Set_to_ReOpen_Drone_Video_YouTube_Edited/in002024.jpg 108,428,122,448,0 158,407,174,423,0 21,456,38,478,0 212,386,224,401,0 216,386,230,401,0 226,401,244,425,1 284,362,295,381,0 344,336,357,352,0 377,341,388,360,0 387,320,400,334,0 66,457,127,500,0
/media/santosh/a9b500b4-cf9f-411f-bd4e-724e2615e6b7/home/cvprlab/lavkush/aerial_motion_dataset/0_aerial_final_dataset/I_85_Set_to_ReOpen_Drone_Video_YouTube_Edited/in002025.jpg 108,425,126,441,0 160,410,177,429,0 21,458,42,483,0 210,386,227,404,0 232,401,247,421,1 283,359,295,380,0 342,334,356,350,0 385,331,393,350,0 69,457,127,499,0
/media/santosh/a9b500b4-cf9f-411f-bd4e-724e2615e6b7/home/cvprlab/lavkush/aerial_motion_dataset/0_aerial_final_dataset/I_85_Set_to_ReOpen_Drone_Video_YouTube_Edited/in002026.jpg 105,424,126,448,0 155,410,176,429,0 18,456,48,480,0 203,385,226,405,0 231,401,244,424,1 282,363,297,386,0 343,334,358,357,0 379,336,396,358,0 383,314,395,336,0 68,453,129,499,0
/media/santosh/a9b500b4-cf9f-411f-bd4e-724e2615e6b7/home/cvprlab/lavkush/aerial_motion_dataset/0_aerial_final_dataset/I_85_Set_to_ReOpen_Drone_Video_YouTube_Edited/in002027.jpg 104,436,125,447,0 153,411,174,427,0 16,463,44,481,0 205,390,228,408,0 235,401,249,426,1 278,361,295,378,0 343,334,360,353,0 377,336,393,361,0 385,312,399,334,0 74,450,132,499,0
/media/santosh/a9b500b4-cf9f-411f-bd4e-724e2615e6b7/home/cvprlab/lavkush/aerial_motion_dataset/0_aerial_final_dataset/I_85_Set_to_ReOpen_Drone_Video_YouTube_Edited/in002028.jpg 104,434,123,447,0 155,410,174,431,0 19,461,38,481,0 206,389,225,406,0 234,394,250,421,1 280,367,295,378,0 344,333,357,352,0 381,319,400,336,0 75,452,135,496,0
/media/santosh/a9b500b4-cf9f-411f-bd4e-724e2615e6b7/home/cvprlab/lavkush/aerial_motion_dataset/0_aerial_final_dataset/I_85_Set_to_ReOpen_Drone_Video_YouTube_Edited/in002029.jpg 103,428,123,453,0 157,410,172,431,0 16,466,40,483,0 205,389,225,409,0 240,396,251,425,1 280,363,292,382,0 343,333,354,352,0 383,317,399,340,0 81,448,138,496,0
/media/santosh/a9b500b4-cf9f-411f-bd4e-724e2615e6b7/home/cvprlab/lavkush/aerial_motion_dataset/0_aerial_final_dataset/I_85_Set_to_ReOpen_Drone_Video_YouTube_Edited/in002030.jpg 101,432,122,447,0 155,410,174,428,0 17,461,40,481,0 206,389,222,404,0 239,401,256,421,1 278,361,293,380,0 342,334,353,353,0 382,317,395,336,0 78,451,136,491,0
/media/santosh/a9b500b4-cf9f-411f-bd4e-724e2615e6b7/home/cvprlab/lavkush/aerial_motion_dataset/0_aerial_final_dataset/I_85_Set_to_ReOpen_Drone_Video_YouTube_Edited/in002031.jpg 159,409,171,431,0 17,465,36,483,0 208,388,222,404,0 238,392,253,421,1 277,363,292,374,0 342,337,355,354,0 384,323,395,338,0 81,450,142,499,0 99,434,121,451,0
/media/santosh/a9b500b4-cf9f-411f-bd4e-724e2615e6b7/home/cvprlab/lavkush/aerial_motion_dataset/0_aerial_final_dataset/I_85_Set_to_ReOpen_Drone_Video_YouTube_Edited/in002032.jpg 102,431,121,449,0 152,408,172,428,0 18,464,42,486,0 200,390,222,411,0 238,391,255,422,1 275,367,293,378,0 337,341,356,355,0 379,320,394,337,0 85,450,142,491,0
/media/santosh/a9b500b4-cf9f-411f-bd4e-724e2615e6b7/home/cvprlab/lavkush/aerial_motion_dataset/0_aerial_final_dataset/I_85_Set_to_ReOpen_Drone_Video_YouTube_Edited/in002033.jpg 14,461,40,488,0 149,418,168,438,0 201,390,219,407,0 245,393,264,422,1 275,368,290,385,0 339,341,353,358,0 379,317,390,340,0 86,450,144,489,0 97,438,121,454,0
/media/santosh/a9b500b4-cf9f-411f-bd4e-724e2615e6b7/home/cvprlab/lavkush/aerial_motion_dataset/0_aerial_final_dataset/I_85_Set_to_ReOpen_Drone_Video_YouTube_Edited/in002034.jpg 13,462,37,484,0 150,415,171,432,0 202,388,219,410,0 247,394,265,413,1 273,368,291,386,0 339,337,350,354,0 380,323,392,334,0 89,448,148,486,0 97,436,116,453,0
/media/santosh/a9b500b4-cf9f-411f-bd4e-724e2615e6b7/home/cvprlab/lavkush/aerial_motion_dataset/0_aerial_final_dataset/I_85_Set_to_ReOpen_Drone_Video_YouTube_Edited/in002035.jpg 12,461,33,488,0 149,415,166,432,0 199,391,221,408,0 247,394,263,425,1 271,367,290,382,0 339,343,354,356,0 378,323,391,338,0 93,449,151,486,0 96,436,118,453,0
/media/santosh/a9b500b4-cf9f-411f-bd4e-724e2615e6b7/home/cvprlab/lavkush/aerial_motion_dataset/0_aerial_final_dataset/I_85_Set_to_ReOpen_Drone_Video_YouTube_Edited/in002036.jpg 13,462,34,484,0 148,415,169,432,0 200,394,218,408,0 243,390,266,417,1 274,370,289,385,0 337,340,353,357,0 378,321,391,334,0 91,448,149,483,0 97,431,114,455,0
/media/santosh/a9b500b4-cf9f-411f-bd4e-724e2615e6b7/home/cvprlab/lavkush/aerial_motion_dataset/0_aerial_final_dataset/I_85_Set_to_ReOpen_Drone_Video_YouTube_Edited/in002037.jpg 11,460,32,484,0 151,415,168,433,0 200,391,219,412,0 247,387,266,418,1 274,364,288,384,0 337,341,351,357,0 379,324,391,343,0 96,444,149,487,0 98,436,120,453,0
/media/santosh/a9b500b4-cf9f-411f-bd4e-724e2615e6b7/home/cvprlab/lavkush/aerial_motion_dataset/0_aerial_final_dataset/I_85_Set_to_ReOpen_Drone_Video_YouTube_Edited/in002038.jpg 13,465,31,491,0 150,418,164,438,0 199,396,217,418,0 250,387,267,418,1 275,368,288,386,0 341,340,351,358,0 379,320,391,341,0 96,431,114,458,0 99,446,153,483,0
/media/santosh/a9b500b4-cf9f-411f-bd4e-724e2615e6b7/home/cvprlab/lavkush/aerial_motion_dataset/0_aerial_final_dataset/I_85_Set_to_ReOpen_Drone_Video_YouTube_Edited/in002039.jpg 102,442,155,481,0 12,465,28,493,0 146,417,163,436,0 201,394,215,416,0 255,392,268,412,1 273,369,287,389,0 340,341,349,358,0 378,324,391,343,0 91,439,112,458,0
/media/santosh/a9b500b4-cf9f-411f-bd4e-724e2615e6b7/home/cvprlab/lavkush/aerial_motion_dataset/0_aerial_final_dataset/I_85_Set_to_ReOpen_Drone_Video_YouTube_Edited/in002040.jpg 101,442,157,483,0 12,468,31,488,0 149,414,164,437,0 198,395,214,418,0 250,388,271,418,1 274,366,287,385,0 338,339,350,358,0 377,325,389,347,0 90,440,111,458,0
/media/santosh/a9b500b4-cf9f-411f-bd4e-724e2615e6b7/home/cvprlab/lavkush/aerial_motion_dataset/0_aerial_final_dataset/I_85_Set_to_ReOpen_Drone_Video_YouTube_Edited/in002041.jpg 10,465,30,485,0 106,440,158,483,0 147,415,167,436,0 194,398,211,421,0 256,386,273,415,1 270,371,282,385,0 335,340,346,357,0 375,322,389,344,0 93,439,113,453,0
/media/santosh/a9b500b4-cf9f-411f-bd4e-724e2615e6b7/home/cvprlab/lavkush/aerial_motion_dataset/0_aerial_final_dataset/I_85_Set_to_ReOpen_Drone_Video_YouTube_Edited/in002042.jpg 107,442,163,483,0 12,466,35,492,0 146,418,163,440,0 197,390,212,416,0 256,382,273,414,1 270,369,282,383,0 335,343,350,359,0 377,323,389,338,0 93,440,113,458,0
/media/santosh/a9b500b4-cf9f-411f-bd4e-724e2615e6b7/home/cvprlab/lavkush/aerial_motion_dataset/0_aerial_final_dataset/I_85_Set_to_ReOpen_Drone_Video_YouTube_Edited/in002043.jpg 109,440,163,479,0 12,468,33,495,0 144,415,161,438,0 195,396,214,415,0 256,389,273,417,1 270,369,284,384,0 335,345,349,362,0 380,324,392,337,0 91,436,111,455,0
/media/santosh/a9b500b4-cf9f-411f-bd4e-724e2615e6b7/home/cvprlab/lavkush/aerial_motion_dataset/0_aerial_final_dataset/I_85_Set_to_ReOpen_Drone_Video_YouTube_Edited/in002044.jpg 110,440,167,481,0 146,417,161,439,0 192,394,209,413,0 263,385,274,412,1 271,363,284,381,0 333,344,346,361,0 377,322,388,341,0 8,472,28,488,0 93,434,110,455,0
/media/santosh/a9b500b4-cf9f-411f-bd4e-724e2615e6b7/home/cvprlab/lavkush/aerial_motion_dataset/0_aerial_final_dataset/I_85_Set_to_ReOpen_Drone_Video_YouTube_Edited/in002045.jpg 112,439,167,484,0 12,470,35,483,0 144,417,160,434,0 191,401,207,421,0 259,387,274,418,1 271,366,282,385,0 335,347,345,366,0 376,326,387,347,0 87,439,106,458,0
/media/santosh/a9b500b4-cf9f-411f-bd4e-724e2615e6b7/home/cvprlab/lavkush/aerial_motion_dataset/0_aerial_final_dataset/I_85_Set_to_ReOpen_Drone_Video_YouTube_Edited/in002046.jpg 116,437,168,478,0 146,416,165,435,0 191,398,209,418,0 262,385,277,418,1 270,368,284,385,0 335,343,348,358,0 377,324,390,342,0 9,465,28,488,0 95,444,108,459,0
/media/santosh/a9b500b4-cf9f-411f-bd4e-724e2615e6b7/home/cvprlab/lavkush/aerial_motion_dataset/0_aerial_final_dataset/I_85_Set_to_ReOpen_Drone_Video_YouTube_Edited/in002047.jpg 117,439,170,477,0 12,470,31,488,0 141,415,165,434,0 191,401,209,419,0 265,382,278,412,1 271,370,288,385,0 334,344,348,363,0 373,326,390,347,0 87,447,112,465,0
/media/santosh/a9b500b4-cf9f-411f-bd4e-724e2615e6b7/home/cvprlab/lavkush/aerial_motion_dataset/0_aerial_final_dataset/I_85_Set_to_ReOpen_Drone_Video_YouTube_Edited/in002048.jpg 0,481,32,524,1 116,439,173,478,0 12,472,29,491,0 142,417,161,438,0 190,399,208,418,0 263,381,277,412,1 271,366,282,385,0 329,347,341,366,0 376,321,389,344,0 90,441,110,461,0
/media/santosh/a9b500b4-cf9f-411f-bd4e-724e2615e6b7/home/cvprlab/lavkush/aerial_motion_dataset/0_aerial_final_dataset/I_85_Set_to_ReOpen_Drone_Video_YouTube_Edited/in002049.jpg 0,477,37,527,1 123,435,174,477,0 13,471,33,488,0 144,418,158,440,0 194,393,206,414,0 266,372,281,388,0 268,385,280,408,1 331,339,344,363,0 373,325,388,345,0 87,444,106,461,0
/media/santosh/a9b500b4-cf9f-411f-bd4e-724e2615e6b7/home/cvprlab/lavkush/aerial_motion_dataset/0_aerial_final_dataset/I_85_Set_to_ReOpen_Drone_Video_YouTube_Edited/in002050.jpg 0,477,47,526,1 124,435,177,477,0 142,415,157,439,0 15,469,29,485,0 187,398,207,428,0 259,372,278,385,0 266,385,284,412,1 335,340,346,364,0 374,324,387,343,0 84,444,105,465,0
/media/santosh/a9b500b4-cf9f-411f-bd4e-724e2615e6b7/home/cvprlab/lavkush/aerial_motion_dataset/0_aerial_final_dataset/I_85_Set_to_ReOpen_Drone_Video_YouTube_Edited/in002051.jpg 0,472,38,526,1 11,468,34,489,0 127,432,179,474,0 139,418,160,440,0 188,396,209,418,0 261,380,292,412,1 263,367,284,393,0 328,344,347,361,0 372,325,387,343,0 86,441,112,461,0
/media/santosh/a9b500b4-cf9f-411f-bd4e-724e2615e6b7/home/cvprlab/lavkush/aerial_motion_dataset/0_aerial_final_dataset/I_85_Set_to_ReOpen_Drone_Video_YouTube_Edited/in002052.jpg 0,474,39,523,1 11,466,32,487,0 127,431,181,475,0 136,416,160,440,0 183,397,210,422,0 262,377,291,412,1 263,370,280,390,0 331,345,347,362,0 370,324,387,343,0 85,441,110,461,0
/media/santosh/a9b500b4-cf9f-411f-bd4e-724e2615e6b7/home/cvprlab/lavkush/aerial_motion_dataset/0_aerial_final_dataset/I_85_Set_to_ReOpen_Drone_Video_YouTube_Edited/in002053.jpg 0,477,38,523,1 12,468,33,489,0 127,433,183,473,0 135,418,159,441,0 184,397,208,422,0 262,372,281,388,0 263,382,294,408,1 330,346,347,361,0 370,324,387,343,0 85,440,111,463,0
/media/santosh/a9b500b4-cf9f-411f-bd4e-724e2615e6b7/home/cvprlab/lavkush/aerial_motion_dataset/0_aerial_final_dataset/I_85_Set_to_ReOpen_Drone_Video_YouTube_Edited/in002054.jpg 0,473,47,526,1 129,434,183,474,0 133,420,160,439,0 15,466,34,487,0 183,398,210,423,0 259,372,281,387,0 264,380,297,412,1 327,343,346,359,0 370,322,387,341,0 85,441,112,463,0
